# Sequence_ID, pattern, Prediction, Score
>seq1,ALPIVLNLVNRALA,IL-13 inducer,0.26
>seq1,CLPIVLNLVNRALA,IL-13 inducer,0.08
>seq1,DLPIVLNLVNRALA,IL-13 inducer,0.11
>seq1,ELPIVLNLVNRALA,IL-13 inducer,0.11
>seq1,FLPIVLNLVNRALA,IL-13 inducer,0.07
>seq1,GLPIVLNLVNRALA,IL-13 inducer,0.21
>seq1,HLPIVLNLVNRALA,IL-13 inducer,0.07
>seq1,ILPIVLNLVNRALA,IL-13 inducer,0.08
>seq1,KLPIVLNLVNRALA,IL-13 inducer,0.09
>seq1,LLPIVLNLVNRALA,IL-13 inducer,0.08
>seq1,MLPIVLNLVNRALA,IL-13 inducer,0.08
>seq1,NLPIVLNLVNRALA,IL-13 inducer,0.09
>seq1,PLPIVLNLVNRALA,IL-13 inducer,0.20
>seq1,QLPIVLNLVNRALA,IL-13 inducer,0.09
>seq1,RLPIVLNLVNRALA,IL-13 inducer,0.09
>seq1,SLPIVLNLVNRALA,IL-13 inducer,0.21
>seq1,TLPIVLNLVNRALA,IL-13 inducer,0.20
>seq1,VLPIVLNLVNRALA,IL-13 inducer,0.24
>seq1,WLPIVLNLVNRALA,IL-13 inducer,0.07
>seq1,YLPIVLNLVNRALA,IL-13 inducer,0.07
>seq1,RAPIVLNLVNRALA,IL-13 inducer,0.20
>seq1,RCPIVLNLVNRALA,IL-13 inducer,0.25
>seq1,RDPIVLNLVNRALA,IL-13 inducer,0.11
>seq1,REPIVLNLVNRALA,IL-13 inducer,0.11
>seq1,RFPIVLNLVNRALA,IL-13 inducer,0.14
>seq1,RGPIVLNLVNRALA,IL-13 inducer,0.16
>seq1,RHPIVLNLVNRALA,IL-13 inducer,0.13
>seq1,RIPIVLNLVNRALA,IL-13 inducer,0.16
>seq1,RKPIVLNLVNRALA,IL-13 inducer,0.14
>seq1,RLPIVLNLVNRALA,IL-13 inducer,0.09
>seq1,RMPIVLNLVNRALA,IL-13 inducer,0.16
>seq1,RNPIVLNLVNRALA,IL-13 inducer,0.11
>seq1,RPPIVLNLVNRALA,IL-13 inducer,0.16
>seq1,RQPIVLNLVNRALA,IL-13 inducer,0.11
>seq1,RRPIVLNLVNRALA,IL-13 inducer,0.24
>seq1,RSPIVLNLVNRALA,IL-13 inducer,0.16
>seq1,RTPIVLNLVNRALA,IL-13 inducer,0.16
>seq1,RVPIVLNLVNRALA,IL-13 inducer,0.14
>seq1,RWPIVLNLVNRALA,IL-13 inducer,0.10
>seq1,RYPIVLNLVNRALA,IL-13 inducer,0.13
>seq1,RLAIVLNLVNRALA,IL-13 inducer,0.10
>seq1,RLCIVLNLVNRALA,IL-13 inducer,0.14
>seq1,RLDIVLNLVNRALA,IL-13 inducer,0.08
>seq1,RLEIVLNLVNRALA,IL-13 inducer,0.08
>seq1,RLFIVLNLVNRALA,IL-13 inducer,0.11
>seq1,RLGIVLNLVNRALA,IL-13 inducer,0.23
>seq1,RLHIVLNLVNRALA,IL-13 inducer,0.07
>seq1,RLIIVLNLVNRALA,IL-13 inducer,0.17
>seq1,RLKIVLNLVNRALA,IL-13 inducer,0.09
>seq1,RLLIVLNLVNRALA,IL-13 inducer,0.17
>seq1,RLMIVLNLVNRALA,IL-13 inducer,0.09
>seq1,RLNIVLNLVNRALA,IL-13 inducer,0.08
>seq1,RLPIVLNLVNRALA,IL-13 inducer,0.09
>seq1,RLQIVLNLVNRALA,IL-13 inducer,0.09
>seq1,RLRIVLNLVNRALA,IL-13 inducer,0.09
>seq1,RLSIVLNLVNRALA,IL-13 inducer,0.08
>seq1,RLTIVLNLVNRALA,IL-13 inducer,0.09
>seq1,RLVIVLNLVNRALA,IL-13 inducer,0.12
>seq1,RLWIVLNLVNRALA,IL-13 inducer,0.08
>seq1,RLYIVLNLVNRALA,IL-13 inducer,0.07
>seq1,RLPAVLNLVNRALA,IL-13 inducer,0.11
>seq1,RLPCVLNLVNRALA,IL-13 inducer,0.17
>seq1,RLPDVLNLVNRALA,IL-13 non-inducer,0.06
>seq1,RLPEVLNLVNRALA,IL-13 non-inducer,0.04
>seq1,RLPFVLNLVNRALA,IL-13 inducer,0.08
>seq1,RLPGVLNLVNRALA,IL-13 inducer,0.09
>seq1,RLPHVLNLVNRALA,IL-13 inducer,0.07
>seq1,RLPIVLNLVNRALA,IL-13 inducer,0.09
>seq1,RLPKVLNLVNRALA,IL-13 inducer,0.08
>seq1,RLPLVLNLVNRALA,IL-13 inducer,0.09
>seq1,RLPMVLNLVNRALA,IL-13 inducer,0.09
>seq1,RLPNVLNLVNRALA,IL-13 non-inducer,0.06
>seq1,RLPPVLNLVNRALA,IL-13 inducer,0.09
>seq1,RLPQVLNLVNRALA,IL-13 non-inducer,0.06
>seq1,RLPRVLNLVNRALA,IL-13 inducer,0.13
>seq1,RLPSVLNLVNRALA,IL-13 inducer,0.07
>seq1,RLPTVLNLVNRALA,IL-13 inducer,0.09
>seq1,RLPVVLNLVNRALA,IL-13 inducer,0.07
>seq1,RLPWVLNLVNRALA,IL-13 inducer,0.07
>seq1,RLPYVLNLVNRALA,IL-13 inducer,0.07
>seq1,RLPIALNLVNRALA,IL-13 inducer,0.09
>seq1,RLPICLNLVNRALA,IL-13 inducer,0.14
>seq1,RLPIDLNLVNRALA,IL-13 inducer,0.09
>seq1,RLPIELNLVNRALA,IL-13 inducer,0.06
>seq1,RLPIFLNLVNRALA,IL-13 inducer,0.07
>seq1,RLPIGLNLVNRALA,IL-13 inducer,0.18
>seq1,RLPIHLNLVNRALA,IL-13 inducer,0.07
>seq1,RLPIILNLVNRALA,IL-13 inducer,0.10
>seq1,RLPIKLNLVNRALA,IL-13 inducer,0.08
>seq1,RLPILLNLVNRALA,IL-13 inducer,0.10
>seq1,RLPIMLNLVNRALA,IL-13 inducer,0.10
>seq1,RLPINLNLVNRALA,IL-13 inducer,0.15
>seq1,RLPIPLNLVNRALA,IL-13 inducer,0.09
>seq1,RLPIQLNLVNRALA,IL-13 inducer,0.06
>seq1,RLPIRLNLVNRALA,IL-13 inducer,0.08
>seq1,RLPISLNLVNRALA,IL-13 inducer,0.11
>seq1,RLPITLNLVNRALA,IL-13 inducer,0.08
>seq1,RLPIVLNLVNRALA,IL-13 inducer,0.09
>seq1,RLPIWLNLVNRALA,IL-13 inducer,0.08
>seq1,RLPIYLNLVNRALA,IL-13 inducer,0.08
>seq1,RLPIVANLVNRALA,IL-13 inducer,0.20
>seq1,RLPIVCNLVNRALA,IL-13 inducer,0.21
>seq1,RLPIVDNLVNRALA,IL-13 inducer,0.11
>seq1,RLPIVENLVNRALA,IL-13 inducer,0.11
>seq1,RLPIVFNLVNRALA,IL-13 inducer,0.14
>seq1,RLPIVGNLVNRALA,IL-13 inducer,0.16
>seq1,RLPIVHNLVNRALA,IL-13 inducer,0.13
>seq1,RLPIVINLVNRALA,IL-13 inducer,0.16
>seq1,RLPIVKNLVNRALA,IL-13 inducer,0.14
>seq1,RLPIVLNLVNRALA,IL-13 inducer,0.09
>seq1,RLPIVMNLVNRALA,IL-13 inducer,0.16
>seq1,RLPIVNNLVNRALA,IL-13 inducer,0.11
>seq1,RLPIVPNLVNRALA,IL-13 inducer,0.16
>seq1,RLPIVQNLVNRALA,IL-13 inducer,0.11
>seq1,RLPIVRNLVNRALA,IL-13 inducer,0.24
>seq1,RLPIVSNLVNRALA,IL-13 inducer,0.16
>seq1,RLPIVTNLVNRALA,IL-13 inducer,0.16
>seq1,RLPIVVNLVNRALA,IL-13 inducer,0.14
>seq1,RLPIVWNLVNRALA,IL-13 inducer,0.10
>seq1,RLPIVYNLVNRALA,IL-13 inducer,0.13
>seq1,RLPIVLALVNRALA,IL-13 inducer,0.11
>seq1,RLPIVLCLVNRALA,IL-13 inducer,0.08
>seq1,RLPIVLDLVNRALA,IL-13 inducer,0.07
>seq1,RLPIVLELVNRALA,IL-13 inducer,0.09
>seq1,RLPIVLFLVNRALA,IL-13 inducer,0.13
>seq1,RLPIVLGLVNRALA,IL-13 inducer,0.21
>seq1,RLPIVLHLVNRALA,IL-13 inducer,0.19
>seq1,RLPIVLILVNRALA,IL-13 inducer,0.09
>seq1,RLPIVLKLVNRALA,IL-13 inducer,0.10
>seq1,RLPIVLLLVNRALA,IL-13 inducer,0.09
>seq1,RLPIVLMLVNRALA,IL-13 inducer,0.09
>seq1,RLPIVLNLVNRALA,IL-13 inducer,0.09
>seq1,RLPIVLPLVNRALA,IL-13 inducer,0.11
>seq1,RLPIVLQLVNRALA,IL-13 inducer,0.09
>seq1,RLPIVLRLVNRALA,IL-13 inducer,0.12
>seq1,RLPIVLSLVNRALA,IL-13 inducer,0.08
>seq1,RLPIVLTLVNRALA,IL-13 inducer,0.11
>seq1,RLPIVLVLVNRALA,IL-13 inducer,0.11
>seq1,RLPIVLWLVNRALA,IL-13 inducer,0.09
>seq1,RLPIVLYLVNRALA,IL-13 inducer,0.09
>seq1,RLPIVLNAVNRALA,IL-13 inducer,0.20
>seq1,RLPIVLNCVNRALA,IL-13 inducer,0.21
>seq1,RLPIVLNDVNRALA,IL-13 inducer,0.11
>seq1,RLPIVLNEVNRALA,IL-13 inducer,0.11
>seq1,RLPIVLNFVNRALA,IL-13 inducer,0.14
>seq1,RLPIVLNGVNRALA,IL-13 inducer,0.16
>seq1,RLPIVLNHVNRALA,IL-13 inducer,0.13
>seq1,RLPIVLNIVNRALA,IL-13 inducer,0.16
>seq1,RLPIVLNKVNRALA,IL-13 inducer,0.14
>seq1,RLPIVLNLVNRALA,IL-13 inducer,0.09
>seq1,RLPIVLNMVNRALA,IL-13 inducer,0.16
>seq1,RLPIVLNNVNRALA,IL-13 inducer,0.11
>seq1,RLPIVLNPVNRALA,IL-13 inducer,0.16
>seq1,RLPIVLNQVNRALA,IL-13 inducer,0.11
>seq1,RLPIVLNRVNRALA,IL-13 inducer,0.24
>seq1,RLPIVLNSVNRALA,IL-13 inducer,0.16
>seq1,RLPIVLNTVNRALA,IL-13 inducer,0.16
>seq1,RLPIVLNVVNRALA,IL-13 inducer,0.14
>seq1,RLPIVLNWVNRALA,IL-13 inducer,0.10
>seq1,RLPIVLNYVNRALA,IL-13 inducer,0.13
>seq1,RLPIVLNLANRALA,IL-13 inducer,0.10
>seq1,RLPIVLNLCNRALA,IL-13 inducer,0.12
>seq1,RLPIVLNLDNRALA,IL-13 non-inducer,0.05
>seq1,RLPIVLNLENRALA,IL-13 inducer,0.07
>seq1,RLPIVLNLFNRALA,IL-13 inducer,0.07
>seq1,RLPIVLNLGNRALA,IL-13 inducer,0.19
>seq1,RLPIVLNLHNRALA,IL-13 inducer,0.08
>seq1,RLPIVLNLINRALA,IL-13 inducer,0.10
>seq1,RLPIVLNLKNRALA,IL-13 inducer,0.09
>seq1,RLPIVLNLLNRALA,IL-13 inducer,0.10
>seq1,RLPIVLNLMNRALA,IL-13 inducer,0.10
>seq1,RLPIVLNLNNRALA,IL-13 inducer,0.07
>seq1,RLPIVLNLPNRALA,IL-13 inducer,0.10
>seq1,RLPIVLNLQNRALA,IL-13 inducer,0.07
>seq1,RLPIVLNLRNRALA,IL-13 inducer,0.09
>seq1,RLPIVLNLSNRALA,IL-13 inducer,0.10
>seq1,RLPIVLNLTNRALA,IL-13 inducer,0.10
>seq1,RLPIVLNLVNRALA,IL-13 inducer,0.09
>seq1,RLPIVLNLWNRALA,IL-13 inducer,0.07
>seq1,RLPIVLNLYNRALA,IL-13 inducer,0.08
>seq1,RLPIVLNLVARALA,IL-13 inducer,0.08
>seq1,RLPIVLNLVCRALA,IL-13 inducer,0.12
>seq1,RLPIVLNLVDRALA,IL-13 inducer,0.09
>seq1,RLPIVLNLVERALA,IL-13 inducer,0.09
>seq1,RLPIVLNLVFRALA,IL-13 inducer,0.09
>seq1,RLPIVLNLVGRALA,IL-13 inducer,0.21
>seq1,RLPIVLNLVHRALA,IL-13 inducer,0.15
>seq1,RLPIVLNLVIRALA,IL-13 inducer,0.09
>seq1,RLPIVLNLVKRALA,IL-13 inducer,0.09
>seq1,RLPIVLNLVLRALA,IL-13 inducer,0.09
>seq1,RLPIVLNLVMRALA,IL-13 inducer,0.08
>seq1,RLPIVLNLVNRALA,IL-13 inducer,0.09
>seq1,RLPIVLNLVPRALA,IL-13 inducer,0.08
>seq1,RLPIVLNLVQRALA,IL-13 inducer,0.09
>seq1,RLPIVLNLVRRALA,IL-13 inducer,0.09
>seq1,RLPIVLNLVSRALA,IL-13 inducer,0.08
>seq1,RLPIVLNLVTRALA,IL-13 inducer,0.08
>seq1,RLPIVLNLVVRALA,IL-13 inducer,0.10
>seq1,RLPIVLNLVWRALA,IL-13 inducer,0.09
>seq1,RLPIVLNLVYRALA,IL-13 inducer,0.09
>seq1,RLPIVLNLVNAALA,IL-13 inducer,0.26
>seq1,RLPIVLNLVNCALA,IL-13 inducer,0.10
>seq1,RLPIVLNLVNDALA,IL-13 inducer,0.12
>seq1,RLPIVLNLVNEALA,IL-13 inducer,0.11
>seq1,RLPIVLNLVNFALA,IL-13 inducer,0.07
>seq1,RLPIVLNLVNGALA,IL-13 inducer,0.21
>seq1,RLPIVLNLVNHALA,IL-13 inducer,0.07
>seq1,RLPIVLNLVNIALA,IL-13 inducer,0.07
>seq1,RLPIVLNLVNKALA,IL-13 inducer,0.09
>seq1,RLPIVLNLVNLALA,IL-13 inducer,0.07
>seq1,RLPIVLNLVNMALA,IL-13 inducer,0.08
>seq1,RLPIVLNLVNNALA,IL-13 inducer,0.11
>seq1,RLPIVLNLVNPALA,IL-13 inducer,0.20
>seq1,RLPIVLNLVNQALA,IL-13 inducer,0.09
>seq1,RLPIVLNLVNRALA,IL-13 inducer,0.09
>seq1,RLPIVLNLVNSALA,IL-13 inducer,0.26
>seq1,RLPIVLNLVNTALA,IL-13 inducer,0.20
>seq1,RLPIVLNLVNVALA,IL-13 inducer,0.24
>seq1,RLPIVLNLVNWALA,IL-13 inducer,0.06
>seq1,RLPIVLNLVNYALA,IL-13 non-inducer,0.05
>seq1,RLPIVLNLVNRALA,IL-13 inducer,0.09
>seq1,RLPIVLNLVNRCLA,IL-13 inducer,0.10
>seq1,RLPIVLNLVNRDLA,IL-13 non-inducer,0.04
>seq1,RLPIVLNLVNRELA,IL-13 non-inducer,0.05
>seq1,RLPIVLNLVNRFLA,IL-13 non-inducer,0.05
>seq1,RLPIVLNLVNRGLA,IL-13 non-inducer,0.04
>seq1,RLPIVLNLVNRHLA,IL-13 non-inducer,0.04
>seq1,RLPIVLNLVNRILA,IL-13 non-inducer,0.06
>seq1,RLPIVLNLVNRKLA,IL-13 non-inducer,0.05
>seq1,RLPIVLNLVNRLLA,IL-13 non-inducer,0.06
>seq1,RLPIVLNLVNRMLA,IL-13 non-inducer,0.06
>seq1,RLPIVLNLVNRNLA,IL-13 inducer,0.09
>seq1,RLPIVLNLVNRPLA,IL-13 non-inducer,0.06
>seq1,RLPIVLNLVNRQLA,IL-13 non-inducer,0.05
>seq1,RLPIVLNLVNRRLA,IL-13 non-inducer,0.05
>seq1,RLPIVLNLVNRSLA,IL-13 non-inducer,0.04
>seq1,RLPIVLNLVNRTLA,IL-13 inducer,0.10
>seq1,RLPIVLNLVNRVLA,IL-13 inducer,0.07
>seq1,RLPIVLNLVNRWLA,IL-13 non-inducer,0.05
>seq1,RLPIVLNLVNRYLA,IL-13 non-inducer,0.04
>seq1,RLPIVLNLVNRAAA,IL-13 inducer,0.20
>seq1,RLPIVLNLVNRACA,IL-13 inducer,0.29
>seq1,RLPIVLNLVNRADA,IL-13 inducer,0.09
>seq1,RLPIVLNLVNRAEA,IL-13 inducer,0.11
>seq1,RLPIVLNLVNRAFA,IL-13 inducer,0.14
>seq1,RLPIVLNLVNRAGA,IL-13 inducer,0.16
>seq1,RLPIVLNLVNRAHA,IL-13 inducer,0.13
>seq1,RLPIVLNLVNRAIA,IL-13 inducer,0.16
>seq1,RLPIVLNLVNRAKA,IL-13 inducer,0.14
>seq1,RLPIVLNLVNRALA,IL-13 inducer,0.09
>seq1,RLPIVLNLVNRAMA,IL-13 inducer,0.16
>seq1,RLPIVLNLVNRANA,IL-13 inducer,0.11
>seq1,RLPIVLNLVNRAPA,IL-13 inducer,0.16
>seq1,RLPIVLNLVNRAQA,IL-13 inducer,0.11
>seq1,RLPIVLNLVNRARA,IL-13 inducer,0.24
>seq1,RLPIVLNLVNRASA,IL-13 inducer,0.16
>seq1,RLPIVLNLVNRATA,IL-13 inducer,0.16
>seq1,RLPIVLNLVNRAVA,IL-13 inducer,0.14
>seq1,RLPIVLNLVNRAWA,IL-13 inducer,0.13
>seq1,RLPIVLNLVNRAYA,IL-13 inducer,0.13
>seq1,RLPIVLNLVNRALA,IL-13 inducer,0.09
>seq1,RLPIVLNLVNRALC,IL-13 inducer,0.06
>seq1,RLPIVLNLVNRALD,IL-13 non-inducer,0.04
>seq1,RLPIVLNLVNRALE,IL-13 non-inducer,0.05
>seq1,RLPIVLNLVNRALF,IL-13 non-inducer,0.05
>seq1,RLPIVLNLVNRALG,IL-13 non-inducer,0.06
>seq1,RLPIVLNLVNRALH,IL-13 non-inducer,0.04
>seq1,RLPIVLNLVNRALI,IL-13 non-inducer,0.06
>seq1,RLPIVLNLVNRALK,IL-13 non-inducer,0.05
>seq1,RLPIVLNLVNRALL,IL-13 non-inducer,0.06
>seq1,RLPIVLNLVNRALM,IL-13 non-inducer,0.06
>seq1,RLPIVLNLVNRALN,IL-13 inducer,0.07
>seq1,RLPIVLNLVNRALP,IL-13 non-inducer,0.06
>seq1,RLPIVLNLVNRALQ,IL-13 non-inducer,0.05
>seq1,RLPIVLNLVNRALR,IL-13 non-inducer,0.05
>seq1,RLPIVLNLVNRALS,IL-13 non-inducer,0.04
>seq1,RLPIVLNLVNRALT,IL-13 inducer,0.10
>seq1,RLPIVLNLVNRALV,IL-13 inducer,0.07
>seq1,RLPIVLNLVNRALW,IL-13 non-inducer,0.05
>seq1,RLPIVLNLVNRALY,IL-13 non-inducer,0.04
>seq2,AGTLSKIFKLGGRDSR,IL-13 inducer,0.07
>seq2,CGTLSKIFKLGGRDSR,IL-13 non-inducer,0.03
>seq2,DGTLSKIFKLGGRDSR,IL-13 non-inducer,0.05
>seq2,EGTLSKIFKLGGRDSR,IL-13 non-inducer,0.05
>seq2,FGTLSKIFKLGGRDSR,IL-13 non-inducer,0.03
>seq2,GGTLSKIFKLGGRDSR,IL-13 non-inducer,0.02
>seq2,HGTLSKIFKLGGRDSR,IL-13 non-inducer,0.05
>seq2,IGTLSKIFKLGGRDSR,IL-13 non-inducer,0.05
>seq2,KGTLSKIFKLGGRDSR,IL-13 inducer,0.07
>seq2,LGTLSKIFKLGGRDSR,IL-13 non-inducer,0.06
>seq2,MGTLSKIFKLGGRDSR,IL-13 non-inducer,0.05
>seq2,NGTLSKIFKLGGRDSR,IL-13 non-inducer,0.05
>seq2,PGTLSKIFKLGGRDSR,IL-13 non-inducer,0.03
>seq2,QGTLSKIFKLGGRDSR,IL-13 non-inducer,0.04
>seq2,RGTLSKIFKLGGRDSR,IL-13 non-inducer,0.05
>seq2,SGTLSKIFKLGGRDSR,IL-13 non-inducer,0.03
>seq2,TGTLSKIFKLGGRDSR,IL-13 non-inducer,0.03
>seq2,VGTLSKIFKLGGRDSR,IL-13 non-inducer,0.05
>seq2,WGTLSKIFKLGGRDSR,IL-13 non-inducer,0.04
>seq2,YGTLSKIFKLGGRDSR,IL-13 non-inducer,0.05
>seq2,QATLSKIFKLGGRDSR,IL-13 inducer,0.16
>seq2,QCTLSKIFKLGGRDSR,IL-13 inducer,0.19
>seq2,QDTLSKIFKLGGRDSR,IL-13 inducer,0.22
>seq2,QETLSKIFKLGGRDSR,IL-13 inducer,0.22
>seq2,QFTLSKIFKLGGRDSR,IL-13 inducer,0.11
>seq2,QGTLSKIFKLGGRDSR,IL-13 non-inducer,0.04
>seq2,QHTLSKIFKLGGRDSR,IL-13 inducer,0.11
>seq2,QITLSKIFKLGGRDSR,IL-13 inducer,0.14
>seq2,QKTLSKIFKLGGRDSR,IL-13 inducer,0.27
>seq2,QLTLSKIFKLGGRDSR,IL-13 inducer,0.13
>seq2,QMTLSKIFKLGGRDSR,IL-13 inducer,0.08
>seq2,QNTLSKIFKLGGRDSR,IL-13 inducer,0.22
>seq2,QPTLSKIFKLGGRDSR,IL-13 inducer,0.08
>seq2,QQTLSKIFKLGGRDSR,IL-13 inducer,0.19
>seq2,QRTLSKIFKLGGRDSR,IL-13 inducer,0.17
>seq2,QSTLSKIFKLGGRDSR,IL-13 inducer,0.10
>seq2,QTTLSKIFKLGGRDSR,IL-13 inducer,0.08
>seq2,QVTLSKIFKLGGRDSR,IL-13 inducer,0.14
>seq2,QWTLSKIFKLGGRDSR,IL-13 inducer,0.15
>seq2,QYTLSKIFKLGGRDSR,IL-13 inducer,0.13
>seq2,QGALSKIFKLGGRDSR,IL-13 inducer,0.08
>seq2,QGCLSKIFKLGGRDSR,IL-13 inducer,0.07
>seq2,QGDLSKIFKLGGRDSR,IL-13 inducer,0.09
>seq2,QGELSKIFKLGGRDSR,IL-13 inducer,0.11
>seq2,QGFLSKIFKLGGRDSR,IL-13 non-inducer,0.04
>seq2,QGGLSKIFKLGGRDSR,IL-13 non-inducer,0.04
>seq2,QGHLSKIFKLGGRDSR,IL-13 non-inducer,0.05
>seq2,QGILSKIFKLGGRDSR,IL-13 inducer,0.07
>seq2,QGKLSKIFKLGGRDSR,IL-13 inducer,0.14
>seq2,QGLLSKIFKLGGRDSR,IL-13 inducer,0.07
>seq2,QGMLSKIFKLGGRDSR,IL-13 non-inducer,0.04
>seq2,QGNLSKIFKLGGRDSR,IL-13 inducer,0.10
>seq2,QGPLSKIFKLGGRDSR,IL-13 non-inducer,0.05
>seq2,QGQLSKIFKLGGRDSR,IL-13 inducer,0.11
>seq2,QGRLSKIFKLGGRDSR,IL-13 inducer,0.10
>seq2,QGSLSKIFKLGGRDSR,IL-13 non-inducer,0.05
>seq2,QGTLSKIFKLGGRDSR,IL-13 non-inducer,0.04
>seq2,QGVLSKIFKLGGRDSR,IL-13 non-inducer,0.05
>seq2,QGWLSKIFKLGGRDSR,IL-13 non-inducer,0.05
>seq2,QGYLSKIFKLGGRDSR,IL-13 non-inducer,0.05
>seq2,QGTASKIFKLGGRDSR,IL-13 non-inducer,0.04
>seq2,QGTCSKIFKLGGRDSR,IL-13 non-inducer,0.04
>seq2,QGTDSKIFKLGGRDSR,IL-13 inducer,0.13
>seq2,QGTESKIFKLGGRDSR,IL-13 inducer,0.15
>seq2,QGTFSKIFKLGGRDSR,IL-13 non-inducer,0.03
>seq2,QGTGSKIFKLGGRDSR,IL-13 non-inducer,0.03
>seq2,QGTHSKIFKLGGRDSR,IL-13 inducer,0.07
>seq2,QGTISKIFKLGGRDSR,IL-13 non-inducer,0.02
>seq2,QGTKSKIFKLGGRDSR,IL-13 inducer,0.07
>seq2,QGTLSKIFKLGGRDSR,IL-13 non-inducer,0.04
>seq2,QGTMSKIFKLGGRDSR,IL-13 non-inducer,0.04
>seq2,QGTNSKIFKLGGRDSR,IL-13 inducer,0.10
>seq2,QGTPSKIFKLGGRDSR,IL-13 inducer,0.07
>seq2,QGTQSKIFKLGGRDSR,IL-13 inducer,0.10
>seq2,QGTRSKIFKLGGRDSR,IL-13 inducer,0.11
>seq2,QGTSSKIFKLGGRDSR,IL-13 non-inducer,0.04
>seq2,QGTTSKIFKLGGRDSR,IL-13 non-inducer,0.05
>seq2,QGTVSKIFKLGGRDSR,IL-13 non-inducer,0.03
>seq2,QGTWSKIFKLGGRDSR,IL-13 non-inducer,0.04
>seq2,QGTYSKIFKLGGRDSR,IL-13 non-inducer,0.05
>seq2,QGTLAKIFKLGGRDSR,IL-13 non-inducer,0.05
>seq2,QGTLCKIFKLGGRDSR,IL-13 inducer,0.06
>seq2,QGTLDKIFKLGGRDSR,IL-13 inducer,0.11
>seq2,QGTLEKIFKLGGRDSR,IL-13 inducer,0.16
>seq2,QGTLFKIFKLGGRDSR,IL-13 inducer,0.07
>seq2,QGTLGKIFKLGGRDSR,IL-13 non-inducer,0.04
>seq2,QGTLHKIFKLGGRDSR,IL-13 inducer,0.10
>seq2,QGTLIKIFKLGGRDSR,IL-13 inducer,0.12
>seq2,QGTLKKIFKLGGRDSR,IL-13 inducer,0.24
>seq2,QGTLLKIFKLGGRDSR,IL-13 inducer,0.14
>seq2,QGTLMKIFKLGGRDSR,IL-13 inducer,0.09
>seq2,QGTLNKIFKLGGRDSR,IL-13 inducer,0.11
>seq2,QGTLPKIFKLGGRDSR,IL-13 non-inducer,0.05
>seq2,QGTLQKIFKLGGRDSR,IL-13 inducer,0.14
>seq2,QGTLRKIFKLGGRDSR,IL-13 inducer,0.15
>seq2,QGTLSKIFKLGGRDSR,IL-13 non-inducer,0.04
>seq2,QGTLTKIFKLGGRDSR,IL-13 non-inducer,0.06
>seq2,QGTLVKIFKLGGRDSR,IL-13 inducer,0.13
>seq2,QGTLWKIFKLGGRDSR,IL-13 inducer,0.10
>seq2,QGTLYKIFKLGGRDSR,IL-13 inducer,0.10
>seq2,QGTLSAIFKLGGRDSR,IL-13 inducer,0.07
>seq2,QGTLSCIFKLGGRDSR,IL-13 non-inducer,0.04
>seq2,QGTLSDIFKLGGRDSR,IL-13 non-inducer,0.05
>seq2,QGTLSEIFKLGGRDSR,IL-13 non-inducer,0.05
>seq2,QGTLSFIFKLGGRDSR,IL-13 non-inducer,0.03
>seq2,QGTLSGIFKLGGRDSR,IL-13 non-inducer,0.03
>seq2,QGTLSHIFKLGGRDSR,IL-13 non-inducer,0.04
>seq2,QGTLSIIFKLGGRDSR,IL-13 non-inducer,0.03
>seq2,QGTLSKIFKLGGRDSR,IL-13 non-inducer,0.04
>seq2,QGTLSLIFKLGGRDSR,IL-13 non-inducer,0.04
>seq2,QGTLSMIFKLGGRDSR,IL-13 non-inducer,0.04
>seq2,QGTLSNIFKLGGRDSR,IL-13 non-inducer,0.05
>seq2,QGTLSPIFKLGGRDSR,IL-13 non-inducer,0.05
>seq2,QGTLSQIFKLGGRDSR,IL-13 non-inducer,0.05
>seq2,QGTLSRIFKLGGRDSR,IL-13 non-inducer,0.05
>seq2,QGTLSSIFKLGGRDSR,IL-13 non-inducer,0.04
>seq2,QGTLSTIFKLGGRDSR,IL-13 non-inducer,0.06
>seq2,QGTLSVIFKLGGRDSR,IL-13 non-inducer,0.03
>seq2,QGTLSWIFKLGGRDSR,IL-13 non-inducer,0.05
>seq2,QGTLSYIFKLGGRDSR,IL-13 non-inducer,0.05
>seq2,QGTLSKAFKLGGRDSR,IL-13 inducer,0.09
>seq2,QGTLSKCFKLGGRDSR,IL-13 inducer,0.12
>seq2,QGTLSKDFKLGGRDSR,IL-13 inducer,0.10
>seq2,QGTLSKEFKLGGRDSR,IL-13 inducer,0.11
>seq2,QGTLSKFFKLGGRDSR,IL-13 non-inducer,0.05
>seq2,QGTLSKGFKLGGRDSR,IL-13 non-inducer,0.04
>seq2,QGTLSKHFKLGGRDSR,IL-13 non-inducer,0.05
>seq2,QGTLSKIFKLGGRDSR,IL-13 non-inducer,0.04
>seq2,QGTLSKKFKLGGRDSR,IL-13 inducer,0.10
>seq2,QGTLSKLFKLGGRDSR,IL-13 non-inducer,0.04
>seq2,QGTLSKMFKLGGRDSR,IL-13 non-inducer,0.05
>seq2,QGTLSKNFKLGGRDSR,IL-13 inducer,0.12
>seq2,QGTLSKPFKLGGRDSR,IL-13 non-inducer,0.05
>seq2,QGTLSKQFKLGGRDSR,IL-13 inducer,0.11
>seq2,QGTLSKRFKLGGRDSR,IL-13 inducer,0.11
>seq2,QGTLSKSFKLGGRDSR,IL-13 non-inducer,0.04
>seq2,QGTLSKTFKLGGRDSR,IL-13 non-inducer,0.05
>seq2,QGTLSKVFKLGGRDSR,IL-13 non-inducer,0.05
>seq2,QGTLSKWFKLGGRDSR,IL-13 non-inducer,0.06
>seq2,QGTLSKYFKLGGRDSR,IL-13 inducer,0.06
>seq2,QGTLSKIAKLGGRDSR,IL-13 inducer,0.06
>seq2,QGTLSKICKLGGRDSR,IL-13 inducer,0.07
>seq2,QGTLSKIDKLGGRDSR,IL-13 non-inducer,0.04
>seq2,QGTLSKIEKLGGRDSR,IL-13 non-inducer,0.05
>seq2,QGTLSKIFKLGGRDSR,IL-13 non-inducer,0.04
>seq2,QGTLSKIGKLGGRDSR,IL-13 non-inducer,0.03
>seq2,QGTLSKIHKLGGRDSR,IL-13 non-inducer,0.03
>seq2,QGTLSKIIKLGGRDSR,IL-13 non-inducer,0.03
>seq2,QGTLSKIKKLGGRDSR,IL-13 inducer,0.07
>seq2,QGTLSKILKLGGRDSR,IL-13 non-inducer,0.05
>seq2,QGTLSKIMKLGGRDSR,IL-13 non-inducer,0.03
>seq2,QGTLSKINKLGGRDSR,IL-13 non-inducer,0.05
>seq2,QGTLSKIPKLGGRDSR,IL-13 non-inducer,0.03
>seq2,QGTLSKIQKLGGRDSR,IL-13 non-inducer,0.04
>seq2,QGTLSKIRKLGGRDSR,IL-13 inducer,0.08
>seq2,QGTLSKISKLGGRDSR,IL-13 non-inducer,0.02
>seq2,QGTLSKITKLGGRDSR,IL-13 non-inducer,0.03
>seq2,QGTLSKIVKLGGRDSR,IL-13 non-inducer,0.04
>seq2,QGTLSKIWKLGGRDSR,IL-13 non-inducer,0.03
>seq2,QGTLSKIYKLGGRDSR,IL-13 non-inducer,0.03
>seq2,QGTLSKIFALGGRDSR,IL-13 inducer,0.07
>seq2,QGTLSKIFCLGGRDSR,IL-13 inducer,0.13
>seq2,QGTLSKIFDLGGRDSR,IL-13 inducer,0.07
>seq2,QGTLSKIFELGGRDSR,IL-13 non-inducer,0.05
>seq2,QGTLSKIFFLGGRDSR,IL-13 non-inducer,0.06
>seq2,QGTLSKIFGLGGRDSR,IL-13 non-inducer,0.04
>seq2,QGTLSKIFHLGGRDSR,IL-13 non-inducer,0.04
>seq2,QGTLSKIFILGGRDSR,IL-13 inducer,0.06
>seq2,QGTLSKIFKLGGRDSR,IL-13 non-inducer,0.04
>seq2,QGTLSKIFLLGGRDSR,IL-13 inducer,0.07
>seq2,QGTLSKIFMLGGRDSR,IL-13 inducer,0.06
>seq2,QGTLSKIFNLGGRDSR,IL-13 non-inducer,0.05
>seq2,QGTLSKIFPLGGRDSR,IL-13 non-inducer,0.04
>seq2,QGTLSKIFQLGGRDSR,IL-13 non-inducer,0.05
>seq2,QGTLSKIFRLGGRDSR,IL-13 non-inducer,0.05
>seq2,QGTLSKIFSLGGRDSR,IL-13 non-inducer,0.04
>seq2,QGTLSKIFTLGGRDSR,IL-13 non-inducer,0.04
>seq2,QGTLSKIFVLGGRDSR,IL-13 non-inducer,0.05
>seq2,QGTLSKIFWLGGRDSR,IL-13 inducer,0.07
>seq2,QGTLSKIFYLGGRDSR,IL-13 inducer,0.08
>seq2,QGTLSKIFKAGGRDSR,IL-13 non-inducer,0.04
>seq2,QGTLSKIFKCGGRDSR,IL-13 non-inducer,0.05
>seq2,QGTLSKIFKDGGRDSR,IL-13 inducer,0.10
>seq2,QGTLSKIFKEGGRDSR,IL-13 inducer,0.15
>seq2,QGTLSKIFKFGGRDSR,IL-13 non-inducer,0.03
>seq2,QGTLSKIFKGGGRDSR,IL-13 non-inducer,0.04
>seq2,QGTLSKIFKHGGRDSR,IL-13 inducer,0.07
>seq2,QGTLSKIFKIGGRDSR,IL-13 non-inducer,0.02
>seq2,QGTLSKIFKKGGRDSR,IL-13 inducer,0.10
>seq2,QGTLSKIFKLGGRDSR,IL-13 non-inducer,0.04
>seq2,QGTLSKIFKMGGRDSR,IL-13 non-inducer,0.04
>seq2,QGTLSKIFKNGGRDSR,IL-13 inducer,0.14
>seq2,QGTLSKIFKPGGRDSR,IL-13 inducer,0.07
>seq2,QGTLSKIFKQGGRDSR,IL-13 inducer,0.15
>seq2,QGTLSKIFKRGGRDSR,IL-13 inducer,0.11
>seq2,QGTLSKIFKSGGRDSR,IL-13 non-inducer,0.05
>seq2,QGTLSKIFKTGGRDSR,IL-13 inducer,0.07
>seq2,QGTLSKIFKVGGRDSR,IL-13 non-inducer,0.03
>seq2,QGTLSKIFKWGGRDSR,IL-13 non-inducer,0.04
>seq2,QGTLSKIFKYGGRDSR,IL-13 non-inducer,0.05
>seq2,QGTLSKIFKLAGRDSR,IL-13 inducer,0.16
>seq2,QGTLSKIFKLCGRDSR,IL-13 inducer,0.19
>seq2,QGTLSKIFKLDGRDSR,IL-13 inducer,0.22
>seq2,QGTLSKIFKLEGRDSR,IL-13 inducer,0.22
>seq2,QGTLSKIFKLFGRDSR,IL-13 inducer,0.11
>seq2,QGTLSKIFKLGGRDSR,IL-13 non-inducer,0.04
>seq2,QGTLSKIFKLHGRDSR,IL-13 inducer,0.11
>seq2,QGTLSKIFKLIGRDSR,IL-13 inducer,0.14
>seq2,QGTLSKIFKLKGRDSR,IL-13 inducer,0.27
>seq2,QGTLSKIFKLLGRDSR,IL-13 inducer,0.13
>seq2,QGTLSKIFKLMGRDSR,IL-13 inducer,0.08
>seq2,QGTLSKIFKLNGRDSR,IL-13 inducer,0.22
>seq2,QGTLSKIFKLPGRDSR,IL-13 inducer,0.08
>seq2,QGTLSKIFKLQGRDSR,IL-13 inducer,0.19
>seq2,QGTLSKIFKLRGRDSR,IL-13 inducer,0.17
>seq2,QGTLSKIFKLSGRDSR,IL-13 inducer,0.10
>seq2,QGTLSKIFKLTGRDSR,IL-13 inducer,0.08
>seq2,QGTLSKIFKLVGRDSR,IL-13 inducer,0.14
>seq2,QGTLSKIFKLWGRDSR,IL-13 inducer,0.14
>seq2,QGTLSKIFKLYGRDSR,IL-13 inducer,0.13
>seq2,QGTLSKIFKLGARDSR,IL-13 inducer,0.16
>seq2,QGTLSKIFKLGCRDSR,IL-13 inducer,0.19
>seq2,QGTLSKIFKLGDRDSR,IL-13 inducer,0.22
>seq2,QGTLSKIFKLGERDSR,IL-13 inducer,0.22
>seq2,QGTLSKIFKLGFRDSR,IL-13 inducer,0.11
>seq2,QGTLSKIFKLGGRDSR,IL-13 non-inducer,0.04
>seq2,QGTLSKIFKLGHRDSR,IL-13 inducer,0.11
>seq2,QGTLSKIFKLGIRDSR,IL-13 inducer,0.14
>seq2,QGTLSKIFKLGKRDSR,IL-13 inducer,0.27
>seq2,QGTLSKIFKLGLRDSR,IL-13 inducer,0.13
>seq2,QGTLSKIFKLGMRDSR,IL-13 inducer,0.08
>seq2,QGTLSKIFKLGNRDSR,IL-13 inducer,0.22
>seq2,QGTLSKIFKLGPRDSR,IL-13 inducer,0.08
>seq2,QGTLSKIFKLGQRDSR,IL-13 inducer,0.19
>seq2,QGTLSKIFKLGRRDSR,IL-13 inducer,0.17
>seq2,QGTLSKIFKLGSRDSR,IL-13 inducer,0.10
>seq2,QGTLSKIFKLGTRDSR,IL-13 inducer,0.08
>seq2,QGTLSKIFKLGVRDSR,IL-13 inducer,0.14
>seq2,QGTLSKIFKLGWRDSR,IL-13 inducer,0.15
>seq2,QGTLSKIFKLGYRDSR,IL-13 inducer,0.13
>seq2,QGTLSKIFKLGGADSR,IL-13 non-inducer,0.06
>seq2,QGTLSKIFKLGGCDSR,IL-13 non-inducer,0.04
>seq2,QGTLSKIFKLGGDDSR,IL-13 inducer,0.06
>seq2,QGTLSKIFKLGGEDSR,IL-13 inducer,0.07
>seq2,QGTLSKIFKLGGFDSR,IL-13 non-inducer,0.03
>seq2,QGTLSKIFKLGGGDSR,IL-13 non-inducer,0.05
>seq2,QGTLSKIFKLGGHDSR,IL-13 non-inducer,0.04
>seq2,QGTLSKIFKLGGIDSR,IL-13 non-inducer,0.05
>seq2,QGTLSKIFKLGGKDSR,IL-13 non-inducer,0.06
>seq2,QGTLSKIFKLGGLDSR,IL-13 non-inducer,0.05
>seq2,QGTLSKIFKLGGMDSR,IL-13 non-inducer,0.03
>seq2,QGTLSKIFKLGGNDSR,IL-13 inducer,0.06
>seq2,QGTLSKIFKLGGPDSR,IL-13 non-inducer,0.04
>seq2,QGTLSKIFKLGGQDSR,IL-13 inducer,0.07
>seq2,QGTLSKIFKLGGRDSR,IL-13 non-inducer,0.04
>seq2,QGTLSKIFKLGGSDSR,IL-13 non-inducer,0.05
>seq2,QGTLSKIFKLGGTDSR,IL-13 non-inducer,0.04
>seq2,QGTLSKIFKLGGVDSR,IL-13 non-inducer,0.04
>seq2,QGTLSKIFKLGGWDSR,IL-13 inducer,0.07
>seq2,QGTLSKIFKLGGYDSR,IL-13 non-inducer,0.04
>seq2,QGTLSKIFKLGGRASR,IL-13 inducer,0.09
>seq2,QGTLSKIFKLGGRCSR,IL-13 inducer,0.07
>seq2,QGTLSKIFKLGGRDSR,IL-13 non-inducer,0.04
>seq2,QGTLSKIFKLGGRESR,IL-13 non-inducer,0.04
>seq2,QGTLSKIFKLGGRFSR,IL-13 non-inducer,0.03
>seq2,QGTLSKIFKLGGRGSR,IL-13 non-inducer,0.05
>seq2,QGTLSKIFKLGGRHSR,IL-13 non-inducer,0.04
>seq2,QGTLSKIFKLGGRISR,IL-13 non-inducer,0.05
>seq2,QGTLSKIFKLGGRKSR,IL-13 inducer,0.07
>seq2,QGTLSKIFKLGGRLSR,IL-13 non-inducer,0.06
>seq2,QGTLSKIFKLGGRMSR,IL-13 non-inducer,0.05
>seq2,QGTLSKIFKLGGRNSR,IL-13 non-inducer,0.04
>seq2,QGTLSKIFKLGGRPSR,IL-13 non-inducer,0.05
>seq2,QGTLSKIFKLGGRQSR,IL-13 non-inducer,0.05
>seq2,QGTLSKIFKLGGRRSR,IL-13 inducer,0.07
>seq2,QGTLSKIFKLGGRSSR,IL-13 non-inducer,0.05
>seq2,QGTLSKIFKLGGRTSR,IL-13 non-inducer,0.05
>seq2,QGTLSKIFKLGGRVSR,IL-13 non-inducer,0.05
>seq2,QGTLSKIFKLGGRWSR,IL-13 non-inducer,0.05
>seq2,QGTLSKIFKLGGRYSR,IL-13 non-inducer,0.04
>seq2,QGTLSKIFKLGGRDAR,IL-13 inducer,0.07
>seq2,QGTLSKIFKLGGRDCR,IL-13 inducer,0.06
>seq2,QGTLSKIFKLGGRDDR,IL-13 inducer,0.11
>seq2,QGTLSKIFKLGGRDER,IL-13 inducer,0.16
>seq2,QGTLSKIFKLGGRDFR,IL-13 non-inducer,0.05
>seq2,QGTLSKIFKLGGRDGR,IL-13 non-inducer,0.04
>seq2,QGTLSKIFKLGGRDHR,IL-13 non-inducer,0.05
>seq2,QGTLSKIFKLGGRDIR,IL-13 inducer,0.07
>seq2,QGTLSKIFKLGGRDKR,IL-13 inducer,0.14
>seq2,QGTLSKIFKLGGRDLR,IL-13 inducer,0.08
>seq2,QGTLSKIFKLGGRDMR,IL-13 non-inducer,0.05
>seq2,QGTLSKIFKLGGRDNR,IL-13 inducer,0.11
>seq2,QGTLSKIFKLGGRDPR,IL-13 non-inducer,0.04
>seq2,QGTLSKIFKLGGRDQR,IL-13 inducer,0.12
>seq2,QGTLSKIFKLGGRDRR,IL-13 inducer,0.08
>seq2,QGTLSKIFKLGGRDSR,IL-13 non-inducer,0.04
>seq2,QGTLSKIFKLGGRDTR,IL-13 non-inducer,0.04
>seq2,QGTLSKIFKLGGRDVR,IL-13 inducer,0.07
>seq2,QGTLSKIFKLGGRDWR,IL-13 inducer,0.06
>seq2,QGTLSKIFKLGGRDYR,IL-13 non-inducer,0.05
>seq2,QGTLSKIFKLGGRDSA,IL-13 non-inducer,0.06
>seq2,QGTLSKIFKLGGRDSC,IL-13 non-inducer,0.04
>seq2,QGTLSKIFKLGGRDSD,IL-13 non-inducer,0.04
>seq2,QGTLSKIFKLGGRDSE,IL-13 non-inducer,0.05
>seq2,QGTLSKIFKLGGRDSF,IL-13 non-inducer,0.03
>seq2,QGTLSKIFKLGGRDSG,IL-13 non-inducer,0.03
>seq2,QGTLSKIFKLGGRDSH,IL-13 non-inducer,0.04
>seq2,QGTLSKIFKLGGRDSI,IL-13 non-inducer,0.05
>seq2,QGTLSKIFKLGGRDSK,IL-13 non-inducer,0.06
>seq2,QGTLSKIFKLGGRDSL,IL-13 non-inducer,0.05
>seq2,QGTLSKIFKLGGRDSM,IL-13 non-inducer,0.03
>seq2,QGTLSKIFKLGGRDSN,IL-13 non-inducer,0.04
>seq2,QGTLSKIFKLGGRDSP,IL-13 non-inducer,0.03
>seq2,QGTLSKIFKLGGRDSQ,IL-13 non-inducer,0.05
>seq2,QGTLSKIFKLGGRDSR,IL-13 non-inducer,0.04
>seq2,QGTLSKIFKLGGRDSS,IL-13 non-inducer,0.05
>seq2,QGTLSKIFKLGGRDST,IL-13 non-inducer,0.03
>seq2,QGTLSKIFKLGGRDSV,IL-13 non-inducer,0.04
>seq2,QGTLSKIFKLGGRDSW,IL-13 non-inducer,0.05
>seq2,QGTLSKIFKLGGRDSY,IL-13 non-inducer,0.04
>seq3,AGIPYIISYLHPG,IL-13 non-inducer,0.05
>seq3,CGIPYIISYLHPG,IL-13 inducer,0.08
>seq3,DGIPYIISYLHPG,IL-13 non-inducer,0.04
>seq3,EGIPYIISYLHPG,IL-13 non-inducer,0.05
>seq3,FGIPYIISYLHPG,IL-13 inducer,0.18
>seq3,GGIPYIISYLHPG,IL-13 non-inducer,0.02
>seq3,HGIPYIISYLHPG,IL-13 non-inducer,0.04
>seq3,IGIPYIISYLHPG,IL-13 non-inducer,0.04
>seq3,KGIPYIISYLHPG,IL-13 non-inducer,0.04
>seq3,LGIPYIISYLHPG,IL-13 non-inducer,0.02
>seq3,MGIPYIISYLHPG,IL-13 non-inducer,0.04
>seq3,NGIPYIISYLHPG,IL-13 inducer,0.06
>seq3,PGIPYIISYLHPG,IL-13 inducer,0.08
>seq3,QGIPYIISYLHPG,IL-13 non-inducer,0.05
>seq3,RGIPYIISYLHPG,IL-13 non-inducer,0.04
>seq3,SGIPYIISYLHPG,IL-13 inducer,0.07
>seq3,TGIPYIISYLHPG,IL-13 inducer,0.08
>seq3,VGIPYIISYLHPG,IL-13 inducer,0.07
>seq3,WGIPYIISYLHPG,IL-13 inducer,0.06
>seq3,YGIPYIISYLHPG,IL-13 inducer,0.07
>seq3,SAIPYIISYLHPG,IL-13 non-inducer,0.05
>seq3,SCIPYIISYLHPG,IL-13 inducer,0.09
>seq3,SDIPYIISYLHPG,IL-13 non-inducer,0.03
>seq3,SEIPYIISYLHPG,IL-13 inducer,0.06
>seq3,SFIPYIISYLHPG,IL-13 inducer,0.15
>seq3,SGIPYIISYLHPG,IL-13 inducer,0.07
>seq3,SHIPYIISYLHPG,IL-13 non-inducer,0.04
>seq3,SIIPYIISYLHPG,IL-13 inducer,0.07
>seq3,SKIPYIISYLHPG,IL-13 inducer,0.06
>seq3,SLIPYIISYLHPG,IL-13 non-inducer,0.03
>seq3,SMIPYIISYLHPG,IL-13 non-inducer,0.06
>seq3,SNIPYIISYLHPG,IL-13 inducer,0.07
>seq3,SPIPYIISYLHPG,IL-13 non-inducer,0.06
>seq3,SQIPYIISYLHPG,IL-13 non-inducer,0.05
>seq3,SRIPYIISYLHPG,IL-13 inducer,0.08
>seq3,SSIPYIISYLHPG,IL-13 inducer,0.07
>seq3,STIPYIISYLHPG,IL-13 non-inducer,0.06
>seq3,SVIPYIISYLHPG,IL-13 inducer,0.10
>seq3,SWIPYIISYLHPG,IL-13 non-inducer,0.03
>seq3,SYIPYIISYLHPG,IL-13 inducer,0.06
>seq3,SGAPYIISYLHPG,IL-13 inducer,0.06
>seq3,SGCPYIISYLHPG,IL-13 inducer,0.06
>seq3,SGDPYIISYLHPG,IL-13 inducer,0.07
>seq3,SGEPYIISYLHPG,IL-13 non-inducer,0.03
>seq3,SGFPYIISYLHPG,IL-13 inducer,0.08
>seq3,SGGPYIISYLHPG,IL-13 non-inducer,0.05
>seq3,SGHPYIISYLHPG,IL-13 non-inducer,0.03
>seq3,SGIPYIISYLHPG,IL-13 inducer,0.07
>seq3,SGKPYIISYLHPG,IL-13 inducer,0.07
>seq3,SGLPYIISYLHPG,IL-13 non-inducer,0.03
>seq3,SGMPYIISYLHPG,IL-13 non-inducer,0.04
>seq3,SGNPYIISYLHPG,IL-13 non-inducer,0.03
>seq3,SGPPYIISYLHPG,IL-13 non-inducer,0.05
>seq3,SGQPYIISYLHPG,IL-13 non-inducer,0.03
>seq3,SGRPYIISYLHPG,IL-13 non-inducer,0.06
>seq3,SGSPYIISYLHPG,IL-13 inducer,0.08
>seq3,SGTPYIISYLHPG,IL-13 non-inducer,0.05
>seq3,SGVPYIISYLHPG,IL-13 inducer,0.11
>seq3,SGWPYIISYLHPG,IL-13 inducer,0.06
>seq3,SGYPYIISYLHPG,IL-13 non-inducer,0.04
>seq3,SGIAYIISYLHPG,IL-13 non-inducer,0.04
>seq3,SGICYIISYLHPG,IL-13 inducer,0.09
>seq3,SGIDYIISYLHPG,IL-13 inducer,0.07
>seq3,SGIEYIISYLHPG,IL-13 non-inducer,0.03
>seq3,SGIFYIISYLHPG,IL-13 inducer,0.12
>seq3,SGIGYIISYLHPG,IL-13 inducer,0.09
>seq3,SGIHYIISYLHPG,IL-13 non-inducer,0.03
>seq3,SGIIYIISYLHPG,IL-13 inducer,0.06
>seq3,SGIKYIISYLHPG,IL-13 non-inducer,0.05
>seq3,SGILYIISYLHPG,IL-13 non-inducer,0.03
>seq3,SGIMYIISYLHPG,IL-13 inducer,0.06
>seq3,SGINYIISYLHPG,IL-13 inducer,0.07
>seq3,SGIPYIISYLHPG,IL-13 inducer,0.07
>seq3,SGIQYIISYLHPG,IL-13 inducer,0.07
>seq3,SGIRYIISYLHPG,IL-13 non-inducer,0.04
>seq3,SGISYIISYLHPG,IL-13 inducer,0.08
>seq3,SGITYIISYLHPG,IL-13 non-inducer,0.04
>seq3,SGIVYIISYLHPG,IL-13 inducer,0.13
>seq3,SGIWYIISYLHPG,IL-13 non-inducer,0.05
>seq3,SGIYYIISYLHPG,IL-13 non-inducer,0.05
>seq3,SGIPAIISYLHPG,IL-13 inducer,0.07
>seq3,SGIPCIISYLHPG,IL-13 inducer,0.10
>seq3,SGIPDIISYLHPG,IL-13 inducer,0.15
>seq3,SGIPEIISYLHPG,IL-13 inducer,0.07
>seq3,SGIPFIISYLHPG,IL-13 inducer,0.16
>seq3,SGIPGIISYLHPG,IL-13 non-inducer,0.05
>seq3,SGIPHIISYLHPG,IL-13 inducer,0.06
>seq3,SGIPIIISYLHPG,IL-13 inducer,0.06
>seq3,SGIPKIISYLHPG,IL-13 non-inducer,0.04
>seq3,SGIPLIISYLHPG,IL-13 non-inducer,0.05
>seq3,SGIPMIISYLHPG,IL-13 non-inducer,0.05
>seq3,SGIPNIISYLHPG,IL-13 inducer,0.07
>seq3,SGIPPIISYLHPG,IL-13 inducer,0.10
>seq3,SGIPQIISYLHPG,IL-13 non-inducer,0.06
>seq3,SGIPRIISYLHPG,IL-13 non-inducer,0.05
>seq3,SGIPSIISYLHPG,IL-13 inducer,0.08
>seq3,SGIPTIISYLHPG,IL-13 inducer,0.10
>seq3,SGIPVIISYLHPG,IL-13 inducer,0.13
>seq3,SGIPWIISYLHPG,IL-13 non-inducer,0.03
>seq3,SGIPYIISYLHPG,IL-13 inducer,0.07
>seq3,SGIPYAISYLHPG,IL-13 inducer,0.10
>seq3,SGIPYCISYLHPG,IL-13 inducer,0.08
>seq3,SGIPYDISYLHPG,IL-13 inducer,0.13
>seq3,SGIPYEISYLHPG,IL-13 inducer,0.07
>seq3,SGIPYFISYLHPG,IL-13 inducer,0.14
>seq3,SGIPYGISYLHPG,IL-13 inducer,0.07
>seq3,SGIPYHISYLHPG,IL-13 non-inducer,0.03
>seq3,SGIPYIISYLHPG,IL-13 inducer,0.07
>seq3,SGIPYKISYLHPG,IL-13 non-inducer,0.03
>seq3,SGIPYLISYLHPG,IL-13 non-inducer,0.03
>seq3,SGIPYMISYLHPG,IL-13 non-inducer,0.06
>seq3,SGIPYNISYLHPG,IL-13 inducer,0.07
>seq3,SGIPYPISYLHPG,IL-13 inducer,0.06
>seq3,SGIPYQISYLHPG,IL-13 inducer,0.06
>seq3,SGIPYRISYLHPG,IL-13 non-inducer,0.03
>seq3,SGIPYSISYLHPG,IL-13 inducer,0.12
>seq3,SGIPYTISYLHPG,IL-13 non-inducer,0.03
>seq3,SGIPYVISYLHPG,IL-13 inducer,0.14
>seq3,SGIPYWISYLHPG,IL-13 non-inducer,0.04
>seq3,SGIPYYISYLHPG,IL-13 non-inducer,0.05
>seq3,SGIPYIASYLHPG,IL-13 non-inducer,0.06
>seq3,SGIPYICSYLHPG,IL-13 inducer,0.07
>seq3,SGIPYIDSYLHPG,IL-13 non-inducer,0.05
>seq3,SGIPYIESYLHPG,IL-13 non-inducer,0.04
>seq3,SGIPYIFSYLHPG,IL-13 inducer,0.11
>seq3,SGIPYIGSYLHPG,IL-13 non-inducer,0.05
>seq3,SGIPYIHSYLHPG,IL-13 non-inducer,0.03
>seq3,SGIPYIISYLHPG,IL-13 inducer,0.07
>seq3,SGIPYIKSYLHPG,IL-13 non-inducer,0.05
>seq3,SGIPYILSYLHPG,IL-13 non-inducer,0.03
>seq3,SGIPYIMSYLHPG,IL-13 non-inducer,0.06
>seq3,SGIPYINSYLHPG,IL-13 non-inducer,0.04
>seq3,SGIPYIPSYLHPG,IL-13 non-inducer,0.03
>seq3,SGIPYIQSYLHPG,IL-13 non-inducer,0.03
>seq3,SGIPYIRSYLHPG,IL-13 non-inducer,0.06
>seq3,SGIPYISSYLHPG,IL-13 inducer,0.10
>seq3,SGIPYITSYLHPG,IL-13 non-inducer,0.03
>seq3,SGIPYIVSYLHPG,IL-13 inducer,0.11
>seq3,SGIPYIWSYLHPG,IL-13 non-inducer,0.03
>seq3,SGIPYIYSYLHPG,IL-13 non-inducer,0.05
>seq3,SGIPYIIAYLHPG,IL-13 non-inducer,0.04
>seq3,SGIPYIICYLHPG,IL-13 inducer,0.07
>seq3,SGIPYIIDYLHPG,IL-13 non-inducer,0.03
>seq3,SGIPYIIEYLHPG,IL-13 non-inducer,0.04
>seq3,SGIPYIIFYLHPG,IL-13 non-inducer,0.04
>seq3,SGIPYIIGYLHPG,IL-13 non-inducer,0.04
>seq3,SGIPYIIHYLHPG,IL-13 inducer,0.06
>seq3,SGIPYIIIYLHPG,IL-13 non-inducer,0.02
>seq3,SGIPYIIKYLHPG,IL-13 inducer,0.09
>seq3,SGIPYIILYLHPG,IL-13 non-inducer,0.01
>seq3,SGIPYIIMYLHPG,IL-13 non-inducer,0.02
>seq3,SGIPYIINYLHPG,IL-13 inducer,0.06
>seq3,SGIPYIIPYLHPG,IL-13 inducer,0.06
>seq3,SGIPYIIQYLHPG,IL-13 non-inducer,0.05
>seq3,SGIPYIIRYLHPG,IL-13 inducer,0.08
>seq3,SGIPYIISYLHPG,IL-13 inducer,0.07
>seq3,SGIPYIITYLHPG,IL-13 inducer,0.16
>seq3,SGIPYIIVYLHPG,IL-13 non-inducer,0.05
>seq3,SGIPYIIWYLHPG,IL-13 non-inducer,0.02
>seq3,SGIPYIIYYLHPG,IL-13 non-inducer,0.01
>seq3,SGIPYIISALHPG,IL-13 inducer,0.07
>seq3,SGIPYIISCLHPG,IL-13 inducer,0.10
>seq3,SGIPYIISDLHPG,IL-13 inducer,0.07
>seq3,SGIPYIISELHPG,IL-13 inducer,0.12
>seq3,SGIPYIISFLHPG,IL-13 inducer,0.15
>seq3,SGIPYIISGLHPG,IL-13 inducer,0.08
>seq3,SGIPYIISHLHPG,IL-13 non-inducer,0.04
>seq3,SGIPYIISILHPG,IL-13 inducer,0.09
>seq3,SGIPYIISKLHPG,IL-13 non-inducer,0.05
>seq3,SGIPYIISLLHPG,IL-13 non-inducer,0.04
>seq3,SGIPYIISMLHPG,IL-13 non-inducer,0.05
>seq3,SGIPYIISNLHPG,IL-13 inducer,0.10
>seq3,SGIPYIISPLHPG,IL-13 inducer,0.10
>seq3,SGIPYIISQLHPG,IL-13 non-inducer,0.05
>seq3,SGIPYIISRLHPG,IL-13 inducer,0.08
>seq3,SGIPYIISSLHPG,IL-13 inducer,0.15
>seq3,SGIPYIISTLHPG,IL-13 inducer,0.10
>seq3,SGIPYIISVLHPG,IL-13 inducer,0.13
>seq3,SGIPYIISWLHPG,IL-13 non-inducer,0.03
>seq3,SGIPYIISYLHPG,IL-13 inducer,0.07
>seq3,SGIPYIISYAHPG,IL-13 non-inducer,0.01
>seq3,SGIPYIISYCHPG,IL-13 non-inducer,0.01
>seq3,SGIPYIISYDHPG,IL-13 non-inducer,0.01
>seq3,SGIPYIISYEHPG,IL-13 non-inducer,0.01
>seq3,SGIPYIISYFHPG,IL-13 non-inducer,0.05
>seq3,SGIPYIISYGHPG,IL-13 non-inducer,0.01
>seq3,SGIPYIISYHHPG,IL-13 non-inducer,0.01
>seq3,SGIPYIISYIHPG,IL-13 non-inducer,0.02
>seq3,SGIPYIISYKHPG,IL-13 non-inducer,0.02
>seq3,SGIPYIISYLHPG,IL-13 inducer,0.07
>seq3,SGIPYIISYMHPG,IL-13 non-inducer,0.02
>seq3,SGIPYIISYNHPG,IL-13 non-inducer,0.01
>seq3,SGIPYIISYPHPG,IL-13 non-inducer,0.01
>seq3,SGIPYIISYQHPG,IL-13 non-inducer,0.02
>seq3,SGIPYIISYRHPG,IL-13 non-inducer,0.01
>seq3,SGIPYIISYSHPG,IL-13 non-inducer,0.01
>seq3,SGIPYIISYTHPG,IL-13 non-inducer,0.02
>seq3,SGIPYIISYVHPG,IL-13 non-inducer,0.05
>seq3,SGIPYIISYWHPG,IL-13 non-inducer,0.01
>seq3,SGIPYIISYYHPG,IL-13 non-inducer,0.01
>seq3,SGIPYIISYLAPG,IL-13 non-inducer,0.06
>seq3,SGIPYIISYLCPG,IL-13 inducer,0.10
>seq3,SGIPYIISYLDPG,IL-13 inducer,0.08
>seq3,SGIPYIISYLEPG,IL-13 non-inducer,0.04
>seq3,SGIPYIISYLFPG,IL-13 inducer,0.19
>seq3,SGIPYIISYLGPG,IL-13 inducer,0.06
>seq3,SGIPYIISYLHPG,IL-13 inducer,0.07
>seq3,SGIPYIISYLIPG,IL-13 inducer,0.06
>seq3,SGIPYIISYLKPG,IL-13 inducer,0.07
>seq3,SGIPYIISYLLPG,IL-13 non-inducer,0.05
>seq3,SGIPYIISYLMPG,IL-13 non-inducer,0.04
>seq3,SGIPYIISYLNPG,IL-13 non-inducer,0.04
>seq3,SGIPYIISYLPPG,IL-13 non-inducer,0.05
>seq3,SGIPYIISYLQPG,IL-13 inducer,0.07
>seq3,SGIPYIISYLRPG,IL-13 non-inducer,0.05
>seq3,SGIPYIISYLSPG,IL-13 inducer,0.08
>seq3,SGIPYIISYLTPG,IL-13 non-inducer,0.05
>seq3,SGIPYIISYLVPG,IL-13 inducer,0.09
>seq3,SGIPYIISYLWPG,IL-13 non-inducer,0.03
>seq3,SGIPYIISYLYPG,IL-13 inducer,0.08
>seq3,SGIPYIISYLHAG,IL-13 non-inducer,0.04
>seq3,SGIPYIISYLHCG,IL-13 inducer,0.09
>seq3,SGIPYIISYLHDG,IL-13 non-inducer,0.03
>seq3,SGIPYIISYLHEG,IL-13 non-inducer,0.04
>seq3,SGIPYIISYLHFG,IL-13 inducer,0.18
>seq3,SGIPYIISYLHGG,IL-13 inducer,0.07
>seq3,SGIPYIISYLHHG,IL-13 non-inducer,0.05
>seq3,SGIPYIISYLHIG,IL-13 inducer,0.10
>seq3,SGIPYIISYLHKG,IL-13 non-inducer,0.04
>seq3,SGIPYIISYLHLG,IL-13 non-inducer,0.02
>seq3,SGIPYIISYLHMG,IL-13 non-inducer,0.04
>seq3,SGIPYIISYLHNG,IL-13 non-inducer,0.06
>seq3,SGIPYIISYLHPG,IL-13 inducer,0.07
>seq3,SGIPYIISYLHQG,IL-13 inducer,0.07
>seq3,SGIPYIISYLHRG,IL-13 non-inducer,0.03
>seq3,SGIPYIISYLHSG,IL-13 inducer,0.06
>seq3,SGIPYIISYLHTG,IL-13 inducer,0.07
>seq3,SGIPYIISYLHVG,IL-13 inducer,0.07
>seq3,SGIPYIISYLHWG,IL-13 inducer,0.06
>seq3,SGIPYIISYLHYG,IL-13 inducer,0.07
>seq3,SGIPYIISYLHPA,IL-13 non-inducer,0.05
>seq3,SGIPYIISYLHPC,IL-13 inducer,0.09
>seq3,SGIPYIISYLHPD,IL-13 non-inducer,0.03
>seq3,SGIPYIISYLHPE,IL-13 non-inducer,0.04
>seq3,SGIPYIISYLHPF,IL-13 inducer,0.09
>seq3,SGIPYIISYLHPG,IL-13 inducer,0.07
>seq3,SGIPYIISYLHPH,IL-13 non-inducer,0.04
>seq3,SGIPYIISYLHPI,IL-13 non-inducer,0.04
>seq3,SGIPYIISYLHPK,IL-13 non-inducer,0.04
>seq3,SGIPYIISYLHPL,IL-13 non-inducer,0.02
>seq3,SGIPYIISYLHPM,IL-13 inducer,0.06
>seq3,SGIPYIISYLHPN,IL-13 non-inducer,0.05
>seq3,SGIPYIISYLHPP,IL-13 inducer,0.08
>seq3,SGIPYIISYLHPQ,IL-13 non-inducer,0.05
>seq3,SGIPYIISYLHPR,IL-13 non-inducer,0.04
>seq3,SGIPYIISYLHPS,IL-13 non-inducer,0.05
>seq3,SGIPYIISYLHPT,IL-13 inducer,0.08
>seq3,SGIPYIISYLHPV,IL-13 inducer,0.14
>seq3,SGIPYIISYLHPW,IL-13 inducer,0.07
>seq3,SGIPYIISYLHPY,IL-13 non-inducer,0.03
>seq4,APYYDPTSSPSEIGP,IL-13 non-inducer,0.01
>seq4,CPYYDPTSSPSEIGP,IL-13 non-inducer,0.01
>seq4,DPYYDPTSSPSEIGP,IL-13 non-inducer,0.02
>seq4,EPYYDPTSSPSEIGP,IL-13 non-inducer,0.02
>seq4,FPYYDPTSSPSEIGP,IL-13 non-inducer,0.04
>seq4,GPYYDPTSSPSEIGP,IL-13 non-inducer,0.01
>seq4,HPYYDPTSSPSEIGP,IL-13 non-inducer,0.01
>seq4,IPYYDPTSSPSEIGP,IL-13 non-inducer,0.02
>seq4,KPYYDPTSSPSEIGP,IL-13 non-inducer,0.02
>seq4,LPYYDPTSSPSEIGP,IL-13 non-inducer,0.02
>seq4,MPYYDPTSSPSEIGP,IL-13 non-inducer,0.02
>seq4,NPYYDPTSSPSEIGP,IL-13 non-inducer,0.02
>seq4,PPYYDPTSSPSEIGP,IL-13 non-inducer,0.01
>seq4,QPYYDPTSSPSEIGP,IL-13 non-inducer,0.01
>seq4,RPYYDPTSSPSEIGP,IL-13 non-inducer,0.02
>seq4,SPYYDPTSSPSEIGP,IL-13 non-inducer,0.01
>seq4,TPYYDPTSSPSEIGP,IL-13 non-inducer,0.01
>seq4,VPYYDPTSSPSEIGP,IL-13 non-inducer,0.01
>seq4,WPYYDPTSSPSEIGP,IL-13 non-inducer,0.01
>seq4,YPYYDPTSSPSEIGP,IL-13 non-inducer,0.01
>seq4,DAYYDPTSSPSEIGP,IL-13 non-inducer,0.01
>seq4,DCYYDPTSSPSEIGP,IL-13 non-inducer,0.01
>seq4,DDYYDPTSSPSEIGP,IL-13 non-inducer,0.02
>seq4,DEYYDPTSSPSEIGP,IL-13 non-inducer,0.01
>seq4,DFYYDPTSSPSEIGP,IL-13 non-inducer,0.02
>seq4,DGYYDPTSSPSEIGP,IL-13 non-inducer,0.01
>seq4,DHYYDPTSSPSEIGP,IL-13 non-inducer,0.01
>seq4,DIYYDPTSSPSEIGP,IL-13 non-inducer,0.01
>seq4,DKYYDPTSSPSEIGP,IL-13 non-inducer,0.01
>seq4,DLYYDPTSSPSEIGP,IL-13 non-inducer,0.01
>seq4,DMYYDPTSSPSEIGP,IL-13 non-inducer,0.02
>seq4,DNYYDPTSSPSEIGP,IL-13 non-inducer,0.02
>seq4,DPYYDPTSSPSEIGP,IL-13 non-inducer,0.02
>seq4,DQYYDPTSSPSEIGP,IL-13 non-inducer,0.01
>seq4,DRYYDPTSSPSEIGP,IL-13 non-inducer,0.01
>seq4,DSYYDPTSSPSEIGP,IL-13 non-inducer,0.02
>seq4,DTYYDPTSSPSEIGP,IL-13 non-inducer,0.01
>seq4,DVYYDPTSSPSEIGP,IL-13 non-inducer,0.02
>seq4,DWYYDPTSSPSEIGP,IL-13 non-inducer,0.01
>seq4,DYYYDPTSSPSEIGP,IL-13 non-inducer,0.02
>seq4,DPAYDPTSSPSEIGP,IL-13 non-inducer,0.01
>seq4,DPCYDPTSSPSEIGP,IL-13 non-inducer,0.02
>seq4,DPDYDPTSSPSEIGP,IL-13 non-inducer,0.01
>seq4,DPEYDPTSSPSEIGP,IL-13 non-inducer,0.01
>seq4,DPFYDPTSSPSEIGP,IL-13 non-inducer,0.03
>seq4,DPGYDPTSSPSEIGP,IL-13 non-inducer,0.01
>seq4,DPHYDPTSSPSEIGP,IL-13 non-inducer,0.02
>seq4,DPIYDPTSSPSEIGP,IL-13 non-inducer,0.02
>seq4,DPKYDPTSSPSEIGP,IL-13 non-inducer,0.01
>seq4,DPLYDPTSSPSEIGP,IL-13 non-inducer,0.02
>seq4,DPMYDPTSSPSEIGP,IL-13 non-inducer,0.02
>seq4,DPNYDPTSSPSEIGP,IL-13 non-inducer,0.01
>seq4,DPPYDPTSSPSEIGP,IL-13 non-inducer,0.02
>seq4,DPQYDPTSSPSEIGP,IL-13 non-inducer,0.01
>seq4,DPRYDPTSSPSEIGP,IL-13 non-inducer,0.01
>seq4,DPSYDPTSSPSEIGP,IL-13 non-inducer,0.01
>seq4,DPTYDPTSSPSEIGP,IL-13 non-inducer,0.02
>seq4,DPVYDPTSSPSEIGP,IL-13 non-inducer,0.02
>seq4,DPWYDPTSSPSEIGP,IL-13 non-inducer,0.01
>seq4,DPYYDPTSSPSEIGP,IL-13 non-inducer,0.02
>seq4,DPYADPTSSPSEIGP,IL-13 non-inducer,0.01
>seq4,DPYCDPTSSPSEIGP,IL-13 non-inducer,0.01
>seq4,DPYDDPTSSPSEIGP,IL-13 non-inducer,0.02
>seq4,DPYEDPTSSPSEIGP,IL-13 non-inducer,0.01
>seq4,DPYFDPTSSPSEIGP,IL-13 non-inducer,0.02
>seq4,DPYGDPTSSPSEIGP,IL-13 non-inducer,0.01
>seq4,DPYHDPTSSPSEIGP,IL-13 non-inducer,0.01
>seq4,DPYIDPTSSPSEIGP,IL-13 non-inducer,0.01
>seq4,DPYKDPTSSPSEIGP,IL-13 non-inducer,0.01
>seq4,DPYLDPTSSPSEIGP,IL-13 non-inducer,0.02
>seq4,DPYMDPTSSPSEIGP,IL-13 non-inducer,0.02
>seq4,DPYNDPTSSPSEIGP,IL-13 non-inducer,0.01
>seq4,DPYPDPTSSPSEIGP,IL-13 non-inducer,0.02
>seq4,DPYQDPTSSPSEIGP,IL-13 non-inducer,0.01
>seq4,DPYRDPTSSPSEIGP,IL-13 non-inducer,0.01
>seq4,DPYSDPTSSPSEIGP,IL-13 non-inducer,0.02
>seq4,DPYTDPTSSPSEIGP,IL-13 non-inducer,0.01
>seq4,DPYVDPTSSPSEIGP,IL-13 non-inducer,0.02
>seq4,DPYWDPTSSPSEIGP,IL-13 non-inducer,0.01
>seq4,DPYYDPTSSPSEIGP,IL-13 non-inducer,0.02
>seq4,DPYYAPTSSPSEIGP,IL-13 non-inducer,0.01
>seq4,DPYYCPTSSPSEIGP,IL-13 non-inducer,0.01
>seq4,DPYYDPTSSPSEIGP,IL-13 non-inducer,0.02
>seq4,DPYYEPTSSPSEIGP,IL-13 non-inducer,0.01
>seq4,DPYYFPTSSPSEIGP,IL-13 non-inducer,0.04
>seq4,DPYYGPTSSPSEIGP,IL-13 non-inducer,0.01
>seq4,DPYYHPTSSPSEIGP,IL-13 non-inducer,0.03
>seq4,DPYYIPTSSPSEIGP,IL-13 non-inducer,0.02
>seq4,DPYYKPTSSPSEIGP,IL-13 non-inducer,0.02
>seq4,DPYYLPTSSPSEIGP,IL-13 non-inducer,0.03
>seq4,DPYYMPTSSPSEIGP,IL-13 non-inducer,0.03
>seq4,DPYYNPTSSPSEIGP,IL-13 non-inducer,0.01
>seq4,DPYYPPTSSPSEIGP,IL-13 non-inducer,0.03
>seq4,DPYYQPTSSPSEIGP,IL-13 non-inducer,0.02
>seq4,DPYYRPTSSPSEIGP,IL-13 non-inducer,0.02
>seq4,DPYYSPTSSPSEIGP,IL-13 non-inducer,0.01
>seq4,DPYYTPTSSPSEIGP,IL-13 non-inducer,0.02
>seq4,DPYYVPTSSPSEIGP,IL-13 non-inducer,0.06
>seq4,DPYYWPTSSPSEIGP,IL-13 non-inducer,0.01
>seq4,DPYYYPTSSPSEIGP,IL-13 non-inducer,0.03
>seq4,DPYYDATSSPSEIGP,IL-13 non-inducer,0.01
>seq4,DPYYDCTSSPSEIGP,IL-13 non-inducer,0.01
>seq4,DPYYDDTSSPSEIGP,IL-13 non-inducer,0.01
>seq4,DPYYDETSSPSEIGP,IL-13 non-inducer,0.01
>seq4,DPYYDFTSSPSEIGP,IL-13 non-inducer,0.02
>seq4,DPYYDGTSSPSEIGP,IL-13 non-inducer,0.02
>seq4,DPYYDHTSSPSEIGP,IL-13 non-inducer,0.01
>seq4,DPYYDITSSPSEIGP,IL-13 non-inducer,0.01
>seq4,DPYYDKTSSPSEIGP,IL-13 non-inducer,0.02
>seq4,DPYYDLTSSPSEIGP,IL-13 non-inducer,0.01
>seq4,DPYYDMTSSPSEIGP,IL-13 non-inducer,0.01
>seq4,DPYYDNTSSPSEIGP,IL-13 non-inducer,0.01
>seq4,DPYYDPTSSPSEIGP,IL-13 non-inducer,0.02
>seq4,DPYYDQTSSPSEIGP,IL-13 non-inducer,0.01
>seq4,DPYYDRTSSPSEIGP,IL-13 non-inducer,0.02
>seq4,DPYYDSTSSPSEIGP,IL-13 non-inducer,0.01
>seq4,DPYYDTTSSPSEIGP,IL-13 non-inducer,0.01
>seq4,DPYYDVTSSPSEIGP,IL-13 non-inducer,0.01
>seq4,DPYYDWTSSPSEIGP,IL-13 non-inducer,0.01
>seq4,DPYYDYTSSPSEIGP,IL-13 non-inducer,0.01
>seq4,DPYYDPASSPSEIGP,IL-13 non-inducer,0.01
>seq4,DPYYDPCSSPSEIGP,IL-13 non-inducer,0.01
>seq4,DPYYDPDSSPSEIGP,IL-13 non-inducer,0.01
>seq4,DPYYDPESSPSEIGP,IL-13 non-inducer,0.01
>seq4,DPYYDPFSSPSEIGP,IL-13 non-inducer,0.01
>seq4,DPYYDPGSSPSEIGP,IL-13 non-inducer,0.02
>seq4,DPYYDPHSSPSEIGP,IL-13 non-inducer,0.01
>seq4,DPYYDPISSPSEIGP,IL-13 non-inducer,0.01
>seq4,DPYYDPKSSPSEIGP,IL-13 non-inducer,0.01
>seq4,DPYYDPLSSPSEIGP,IL-13 non-inducer,0.01
>seq4,DPYYDPMSSPSEIGP,IL-13 non-inducer,0.01
>seq4,DPYYDPNSSPSEIGP,IL-13 non-inducer,0.01
>seq4,DPYYDPPSSPSEIGP,IL-13 non-inducer,0.02
>seq4,DPYYDPQSSPSEIGP,IL-13 non-inducer,0.01
>seq4,DPYYDPRSSPSEIGP,IL-13 non-inducer,0.01
>seq4,DPYYDPSSSPSEIGP,IL-13 non-inducer,0.02
>seq4,DPYYDPTSSPSEIGP,IL-13 non-inducer,0.02
>seq4,DPYYDPVSSPSEIGP,IL-13 non-inducer,0.01
>seq4,DPYYDPWSSPSEIGP,IL-13 non-inducer,0.01
>seq4,DPYYDPYSSPSEIGP,IL-13 non-inducer,0.01
>seq4,DPYYDPTASPSEIGP,IL-13 non-inducer,0.01
>seq4,DPYYDPTCSPSEIGP,IL-13 non-inducer,0.01
>seq4,DPYYDPTDSPSEIGP,IL-13 non-inducer,0.01
>seq4,DPYYDPTESPSEIGP,IL-13 non-inducer,0.01
>seq4,DPYYDPTFSPSEIGP,IL-13 non-inducer,0.01
>seq4,DPYYDPTGSPSEIGP,IL-13 non-inducer,0.02
>seq4,DPYYDPTHSPSEIGP,IL-13 non-inducer,0.01
>seq4,DPYYDPTISPSEIGP,IL-13 non-inducer,0.01
>seq4,DPYYDPTKSPSEIGP,IL-13 non-inducer,0.01
>seq4,DPYYDPTLSPSEIGP,IL-13 non-inducer,0.01
>seq4,DPYYDPTMSPSEIGP,IL-13 non-inducer,0.01
>seq4,DPYYDPTNSPSEIGP,IL-13 non-inducer,0.02
>seq4,DPYYDPTPSPSEIGP,IL-13 non-inducer,0.01
>seq4,DPYYDPTQSPSEIGP,IL-13 non-inducer,0.02
>seq4,DPYYDPTRSPSEIGP,IL-13 non-inducer,0.01
>seq4,DPYYDPTSSPSEIGP,IL-13 non-inducer,0.02
>seq4,DPYYDPTTSPSEIGP,IL-13 non-inducer,0.02
>seq4,DPYYDPTVSPSEIGP,IL-13 non-inducer,0.01
>seq4,DPYYDPTWSPSEIGP,IL-13 non-inducer,0.01
>seq4,DPYYDPTYSPSEIGP,IL-13 non-inducer,0.01
>seq4,DPYYDPTSAPSEIGP,IL-13 non-inducer,0.01
>seq4,DPYYDPTSCPSEIGP,IL-13 non-inducer,0.01
>seq4,DPYYDPTSDPSEIGP,IL-13 non-inducer,0.01
>seq4,DPYYDPTSEPSEIGP,IL-13 non-inducer,0.01
>seq4,DPYYDPTSFPSEIGP,IL-13 non-inducer,0.01
>seq4,DPYYDPTSGPSEIGP,IL-13 non-inducer,0.02
>seq4,DPYYDPTSHPSEIGP,IL-13 non-inducer,0.01
>seq4,DPYYDPTSIPSEIGP,IL-13 non-inducer,0.01
>seq4,DPYYDPTSKPSEIGP,IL-13 non-inducer,0.01
>seq4,DPYYDPTSLPSEIGP,IL-13 non-inducer,0.01
>seq4,DPYYDPTSMPSEIGP,IL-13 non-inducer,0.01
>seq4,DPYYDPTSNPSEIGP,IL-13 non-inducer,0.01
>seq4,DPYYDPTSPPSEIGP,IL-13 non-inducer,0.02
>seq4,DPYYDPTSQPSEIGP,IL-13 non-inducer,0.01
>seq4,DPYYDPTSRPSEIGP,IL-13 non-inducer,0.01
>seq4,DPYYDPTSSPSEIGP,IL-13 non-inducer,0.02
>seq4,DPYYDPTSTPSEIGP,IL-13 non-inducer,0.02
>seq4,DPYYDPTSVPSEIGP,IL-13 non-inducer,0.01
>seq4,DPYYDPTSWPSEIGP,IL-13 non-inducer,0.01
>seq4,DPYYDPTSYPSEIGP,IL-13 non-inducer,0.01
>seq4,DPYYDPTSSASEIGP,IL-13 non-inducer,0.01
>seq4,DPYYDPTSSCSEIGP,IL-13 non-inducer,0.01
>seq4,DPYYDPTSSDSEIGP,IL-13 non-inducer,0.02
>seq4,DPYYDPTSSESEIGP,IL-13 non-inducer,0.02
>seq4,DPYYDPTSSFSEIGP,IL-13 non-inducer,0.01
>seq4,DPYYDPTSSGSEIGP,IL-13 non-inducer,0.01
>seq4,DPYYDPTSSHSEIGP,IL-13 non-inducer,0.01
>seq4,DPYYDPTSSISEIGP,IL-13 non-inducer,0.01
>seq4,DPYYDPTSSKSEIGP,IL-13 non-inducer,0.01
>seq4,DPYYDPTSSLSEIGP,IL-13 non-inducer,0.01
>seq4,DPYYDPTSSMSEIGP,IL-13 non-inducer,0.01
>seq4,DPYYDPTSSNSEIGP,IL-13 non-inducer,0.01
>seq4,DPYYDPTSSPSEIGP,IL-13 non-inducer,0.02
>seq4,DPYYDPTSSQSEIGP,IL-13 non-inducer,0.02
>seq4,DPYYDPTSSRSEIGP,IL-13 non-inducer,0.01
>seq4,DPYYDPTSSSSEIGP,IL-13 non-inducer,0.01
>seq4,DPYYDPTSSTSEIGP,IL-13 non-inducer,0.01
>seq4,DPYYDPTSSVSEIGP,IL-13 non-inducer,0.01
>seq4,DPYYDPTSSWSEIGP,IL-13 non-inducer,0.01
>seq4,DPYYDPTSSYSEIGP,IL-13 non-inducer,0.01
>seq4,DPYYDPTSSPAEIGP,IL-13 non-inducer,0.01
>seq4,DPYYDPTSSPCEIGP,IL-13 non-inducer,0.01
>seq4,DPYYDPTSSPDEIGP,IL-13 non-inducer,0.02
>seq4,DPYYDPTSSPEEIGP,IL-13 non-inducer,0.02
>seq4,DPYYDPTSSPFEIGP,IL-13 non-inducer,0.01
>seq4,DPYYDPTSSPGEIGP,IL-13 non-inducer,0.02
>seq4,DPYYDPTSSPHEIGP,IL-13 non-inducer,0.01
>seq4,DPYYDPTSSPIEIGP,IL-13 non-inducer,0.01
>seq4,DPYYDPTSSPKEIGP,IL-13 non-inducer,0.01
>seq4,DPYYDPTSSPLEIGP,IL-13 non-inducer,0.01
>seq4,DPYYDPTSSPMEIGP,IL-13 non-inducer,0.01
>seq4,DPYYDPTSSPNEIGP,IL-13 non-inducer,0.02
>seq4,DPYYDPTSSPPEIGP,IL-13 non-inducer,0.02
>seq4,DPYYDPTSSPQEIGP,IL-13 non-inducer,0.01
>seq4,DPYYDPTSSPREIGP,IL-13 non-inducer,0.01
>seq4,DPYYDPTSSPSEIGP,IL-13 non-inducer,0.02
>seq4,DPYYDPTSSPTEIGP,IL-13 non-inducer,0.01
>seq4,DPYYDPTSSPVEIGP,IL-13 non-inducer,0.01
>seq4,DPYYDPTSSPWEIGP,IL-13 non-inducer,0.01
>seq4,DPYYDPTSSPYEIGP,IL-13 non-inducer,0.01
>seq4,DPYYDPTSSPSAIGP,IL-13 non-inducer,0.01
>seq4,DPYYDPTSSPSCIGP,IL-13 non-inducer,0.01
>seq4,DPYYDPTSSPSDIGP,IL-13 non-inducer,0.01
>seq4,DPYYDPTSSPSEIGP,IL-13 non-inducer,0.02
>seq4,DPYYDPTSSPSFIGP,IL-13 non-inducer,0.04
>seq4,DPYYDPTSSPSGIGP,IL-13 non-inducer,0.02
>seq4,DPYYDPTSSPSHIGP,IL-13 non-inducer,0.01
>seq4,DPYYDPTSSPSIIGP,IL-13 non-inducer,0.01
>seq4,DPYYDPTSSPSKIGP,IL-13 non-inducer,0.02
>seq4,DPYYDPTSSPSLIGP,IL-13 non-inducer,0.02
>seq4,DPYYDPTSSPSMIGP,IL-13 non-inducer,0.01
>seq4,DPYYDPTSSPSNIGP,IL-13 non-inducer,0.02
>seq4,DPYYDPTSSPSPIGP,IL-13 non-inducer,0.01
>seq4,DPYYDPTSSPSQIGP,IL-13 non-inducer,0.01
>seq4,DPYYDPTSSPSRIGP,IL-13 non-inducer,0.02
>seq4,DPYYDPTSSPSSIGP,IL-13 non-inducer,0.01
>seq4,DPYYDPTSSPSTIGP,IL-13 non-inducer,0.01
>seq4,DPYYDPTSSPSVIGP,IL-13 non-inducer,0.01
>seq4,DPYYDPTSSPSWIGP,IL-13 non-inducer,0.01
>seq4,DPYYDPTSSPSYIGP,IL-13 non-inducer,0.02
>seq4,DPYYDPTSSPSEAGP,IL-13 non-inducer,0.01
>seq4,DPYYDPTSSPSECGP,IL-13 non-inducer,0.01
>seq4,DPYYDPTSSPSEDGP,IL-13 non-inducer,0.04
>seq4,DPYYDPTSSPSEEGP,IL-13 non-inducer,0.02
>seq4,DPYYDPTSSPSEFGP,IL-13 non-inducer,0.02
>seq4,DPYYDPTSSPSEGGP,IL-13 non-inducer,0.02
>seq4,DPYYDPTSSPSEHGP,IL-13 non-inducer,0.04
>seq4,DPYYDPTSSPSEIGP,IL-13 non-inducer,0.02
>seq4,DPYYDPTSSPSEKGP,IL-13 non-inducer,0.01
>seq4,DPYYDPTSSPSELGP,IL-13 non-inducer,0.02
>seq4,DPYYDPTSSPSEMGP,IL-13 non-inducer,0.01
>seq4,DPYYDPTSSPSENGP,IL-13 non-inducer,0.03
>seq4,DPYYDPTSSPSEPGP,IL-13 non-inducer,0.02
>seq4,DPYYDPTSSPSEQGP,IL-13 non-inducer,0.03
>seq4,DPYYDPTSSPSERGP,IL-13 non-inducer,0.01
>seq4,DPYYDPTSSPSESGP,IL-13 non-inducer,0.02
>seq4,DPYYDPTSSPSETGP,IL-13 non-inducer,0.03
>seq4,DPYYDPTSSPSEVGP,IL-13 non-inducer,0.02
>seq4,DPYYDPTSSPSEWGP,IL-13 non-inducer,0.01
>seq4,DPYYDPTSSPSEYGP,IL-13 non-inducer,0.02
>seq4,DPYYDPTSSPSEIAP,IL-13 non-inducer,0.01
>seq4,DPYYDPTSSPSEICP,IL-13 non-inducer,0.02
>seq4,DPYYDPTSSPSEIDP,IL-13 non-inducer,0.01
>seq4,DPYYDPTSSPSEIEP,IL-13 non-inducer,0.01
>seq4,DPYYDPTSSPSEIFP,IL-13 non-inducer,0.01
>seq4,DPYYDPTSSPSEIGP,IL-13 non-inducer,0.02
>seq4,DPYYDPTSSPSEIHP,IL-13 non-inducer,0.01
>seq4,DPYYDPTSSPSEIIP,IL-13 non-inducer,0.01
>seq4,DPYYDPTSSPSEIKP,IL-13 non-inducer,0.02
>seq4,DPYYDPTSSPSEILP,IL-13 non-inducer,0.02
>seq4,DPYYDPTSSPSEIMP,IL-13 non-inducer,0.01
>seq4,DPYYDPTSSPSEINP,IL-13 non-inducer,0.01
>seq4,DPYYDPTSSPSEIPP,IL-13 non-inducer,0.02
>seq4,DPYYDPTSSPSEIQP,IL-13 non-inducer,0.02
>seq4,DPYYDPTSSPSEIRP,IL-13 non-inducer,0.02
>seq4,DPYYDPTSSPSEISP,IL-13 non-inducer,0.02
>seq4,DPYYDPTSSPSEITP,IL-13 non-inducer,0.02
>seq4,DPYYDPTSSPSEIVP,IL-13 non-inducer,0.02
>seq4,DPYYDPTSSPSEIWP,IL-13 non-inducer,0.03
>seq4,DPYYDPTSSPSEIYP,IL-13 non-inducer,0.01
>seq4,DPYYDPTSSPSEIGA,IL-13 non-inducer,0.01
>seq4,DPYYDPTSSPSEIGC,IL-13 non-inducer,0.01
>seq4,DPYYDPTSSPSEIGD,IL-13 non-inducer,0.01
>seq4,DPYYDPTSSPSEIGE,IL-13 non-inducer,0.01
>seq4,DPYYDPTSSPSEIGF,IL-13 non-inducer,0.02
>seq4,DPYYDPTSSPSEIGG,IL-13 non-inducer,0.02
>seq4,DPYYDPTSSPSEIGH,IL-13 non-inducer,0.01
>seq4,DPYYDPTSSPSEIGI,IL-13 non-inducer,0.01
>seq4,DPYYDPTSSPSEIGK,IL-13 non-inducer,0.01
>seq4,DPYYDPTSSPSEIGL,IL-13 non-inducer,0.01
>seq4,DPYYDPTSSPSEIGM,IL-13 non-inducer,0.01
>seq4,DPYYDPTSSPSEIGN,IL-13 non-inducer,0.01
>seq4,DPYYDPTSSPSEIGP,IL-13 non-inducer,0.02
>seq4,DPYYDPTSSPSEIGQ,IL-13 non-inducer,0.01
>seq4,DPYYDPTSSPSEIGR,IL-13 non-inducer,0.01
>seq4,DPYYDPTSSPSEIGS,IL-13 non-inducer,0.02
>seq4,DPYYDPTSSPSEIGT,IL-13 non-inducer,0.02
>seq4,DPYYDPTSSPSEIGV,IL-13 non-inducer,0.01
>seq4,DPYYDPTSSPSEIGW,IL-13 non-inducer,0.01
>seq4,DPYYDPTSSPSEIGY,IL-13 non-inducer,0.01
>seq5,ATTVAPAGTQAIIDT,IL-13 non-inducer,0.01
>seq5,CTTVAPAGTQAIIDT,IL-13 inducer,0.07
>seq5,DTTVAPAGTQAIIDT,IL-13 non-inducer,0.02
>seq5,ETTVAPAGTQAIIDT,IL-13 non-inducer,0.02
>seq5,FTTVAPAGTQAIIDT,IL-13 non-inducer,0.05
>seq5,GTTVAPAGTQAIIDT,IL-13 non-inducer,0.02
>seq5,HTTVAPAGTQAIIDT,IL-13 non-inducer,0.01
>seq5,ITTVAPAGTQAIIDT,IL-13 non-inducer,0.01
>seq5,KTTVAPAGTQAIIDT,IL-13 non-inducer,0.02
>seq5,LTTVAPAGTQAIIDT,IL-13 non-inducer,0.04
>seq5,MTTVAPAGTQAIIDT,IL-13 non-inducer,0.01
>seq5,NTTVAPAGTQAIIDT,IL-13 non-inducer,0.02
>seq5,PTTVAPAGTQAIIDT,IL-13 non-inducer,0.01
>seq5,QTTVAPAGTQAIIDT,IL-13 non-inducer,0.02
>seq5,RTTVAPAGTQAIIDT,IL-13 non-inducer,0.02
>seq5,STTVAPAGTQAIIDT,IL-13 non-inducer,0.01
>seq5,TTTVAPAGTQAIIDT,IL-13 non-inducer,0.01
>seq5,VTTVAPAGTQAIIDT,IL-13 non-inducer,0.02
>seq5,WTTVAPAGTQAIIDT,IL-13 non-inducer,0.02
>seq5,YTTVAPAGTQAIIDT,IL-13 non-inducer,0.01
>seq5,DATVAPAGTQAIIDT,IL-13 non-inducer,0.04
>seq5,DCTVAPAGTQAIIDT,IL-13 non-inducer,0.05
>seq5,DDTVAPAGTQAIIDT,IL-13 non-inducer,0.01
>seq5,DETVAPAGTQAIIDT,IL-13 non-inducer,0.01
>seq5,DFTVAPAGTQAIIDT,IL-13 non-inducer,0.04
>seq5,DGTVAPAGTQAIIDT,IL-13 non-inducer,0.02
>seq5,DHTVAPAGTQAIIDT,IL-13 non-inducer,0.01
>seq5,DITVAPAGTQAIIDT,IL-13 non-inducer,0.04
>seq5,DKTVAPAGTQAIIDT,IL-13 non-inducer,0.02
>seq5,DLTVAPAGTQAIIDT,IL-13 non-inducer,0.05
>seq5,DMTVAPAGTQAIIDT,IL-13 non-inducer,0.04
>seq5,DNTVAPAGTQAIIDT,IL-13 non-inducer,0.01
>seq5,DPTVAPAGTQAIIDT,IL-13 non-inducer,0.02
>seq5,DQTVAPAGTQAIIDT,IL-13 non-inducer,0.02
>seq5,DRTVAPAGTQAIIDT,IL-13 non-inducer,0.02
>seq5,DSTVAPAGTQAIIDT,IL-13 non-inducer,0.02
>seq5,DTTVAPAGTQAIIDT,IL-13 non-inducer,0.02
>seq5,DVTVAPAGTQAIIDT,IL-13 non-inducer,0.04
>seq5,DWTVAPAGTQAIIDT,IL-13 non-inducer,0.03
>seq5,DYTVAPAGTQAIIDT,IL-13 non-inducer,0.03
>seq5,DTAVAPAGTQAIIDT,IL-13 non-inducer,0.01
>seq5,DTCVAPAGTQAIIDT,IL-13 non-inducer,0.03
>seq5,DTDVAPAGTQAIIDT,IL-13 non-inducer,0.02
>seq5,DTEVAPAGTQAIIDT,IL-13 non-inducer,0.05
>seq5,DTFVAPAGTQAIIDT,IL-13 non-inducer,0.02
>seq5,DTGVAPAGTQAIIDT,IL-13 non-inducer,0.04
>seq5,DTHVAPAGTQAIIDT,IL-13 non-inducer,0.01
>seq5,DTIVAPAGTQAIIDT,IL-13 non-inducer,0.02
>seq5,DTKVAPAGTQAIIDT,IL-13 non-inducer,0.06
>seq5,DTLVAPAGTQAIIDT,IL-13 non-inducer,0.03
>seq5,DTMVAPAGTQAIIDT,IL-13 non-inducer,0.02
>seq5,DTNVAPAGTQAIIDT,IL-13 inducer,0.06
>seq5,DTPVAPAGTQAIIDT,IL-13 non-inducer,0.02
>seq5,DTQVAPAGTQAIIDT,IL-13 non-inducer,0.02
>seq5,DTRVAPAGTQAIIDT,IL-13 non-inducer,0.02
>seq5,DTSVAPAGTQAIIDT,IL-13 inducer,0.08
>seq5,DTTVAPAGTQAIIDT,IL-13 non-inducer,0.02
>seq5,DTVVAPAGTQAIIDT,IL-13 non-inducer,0.03
>seq5,DTWVAPAGTQAIIDT,IL-13 non-inducer,0.03
>seq5,DTYVAPAGTQAIIDT,IL-13 non-inducer,0.02
>seq5,DTTAAPAGTQAIIDT,IL-13 non-inducer,0.01
>seq5,DTTCAPAGTQAIIDT,IL-13 non-inducer,0.02
>seq5,DTTDAPAGTQAIIDT,IL-13 non-inducer,0.04
>seq5,DTTEAPAGTQAIIDT,IL-13 non-inducer,0.01
>seq5,DTTFAPAGTQAIIDT,IL-13 inducer,0.07
>seq5,DTTGAPAGTQAIIDT,IL-13 non-inducer,0.01
>seq5,DTTHAPAGTQAIIDT,IL-13 non-inducer,0.01
>seq5,DTTIAPAGTQAIIDT,IL-13 non-inducer,0.02
>seq5,DTTKAPAGTQAIIDT,IL-13 non-inducer,0.02
>seq5,DTTLAPAGTQAIIDT,IL-13 non-inducer,0.03
>seq5,DTTMAPAGTQAIIDT,IL-13 non-inducer,0.01
>seq5,DTTNAPAGTQAIIDT,IL-13 non-inducer,0.01
>seq5,DTTPAPAGTQAIIDT,IL-13 non-inducer,0.01
>seq5,DTTQAPAGTQAIIDT,IL-13 non-inducer,0.01
>seq5,DTTRAPAGTQAIIDT,IL-13 non-inducer,0.01
>seq5,DTTSAPAGTQAIIDT,IL-13 non-inducer,0.01
>seq5,DTTTAPAGTQAIIDT,IL-13 non-inducer,0.01
>seq5,DTTVAPAGTQAIIDT,IL-13 non-inducer,0.02
>seq5,DTTWAPAGTQAIIDT,IL-13 non-inducer,0.02
>seq5,DTTYAPAGTQAIIDT,IL-13 non-inducer,0.02
>seq5,DTTVAPAGTQAIIDT,IL-13 non-inducer,0.02
>seq5,DTTVCPAGTQAIIDT,IL-13 non-inducer,0.04
>seq5,DTTVDPAGTQAIIDT,IL-13 non-inducer,0.02
>seq5,DTTVEPAGTQAIIDT,IL-13 non-inducer,0.03
>seq5,DTTVFPAGTQAIIDT,IL-13 non-inducer,0.05
>seq5,DTTVGPAGTQAIIDT,IL-13 non-inducer,0.02
>seq5,DTTVHPAGTQAIIDT,IL-13 non-inducer,0.01
>seq5,DTTVIPAGTQAIIDT,IL-13 non-inducer,0.02
>seq5,DTTVKPAGTQAIIDT,IL-13 inducer,0.06
>seq5,DTTVLPAGTQAIIDT,IL-13 non-inducer,0.03
>seq5,DTTVMPAGTQAIIDT,IL-13 non-inducer,0.01
>seq5,DTTVNPAGTQAIIDT,IL-13 non-inducer,0.04
>seq5,DTTVPPAGTQAIIDT,IL-13 non-inducer,0.01
>seq5,DTTVQPAGTQAIIDT,IL-13 non-inducer,0.04
>seq5,DTTVRPAGTQAIIDT,IL-13 inducer,0.06
>seq5,DTTVSPAGTQAIIDT,IL-13 non-inducer,0.03
>seq5,DTTVTPAGTQAIIDT,IL-13 non-inducer,0.01
>seq5,DTTVVPAGTQAIIDT,IL-13 non-inducer,0.03
>seq5,DTTVWPAGTQAIIDT,IL-13 non-inducer,0.02
>seq5,DTTVYPAGTQAIIDT,IL-13 non-inducer,0.02
>seq5,DTTVAAAGTQAIIDT,IL-13 non-inducer,0.01
>seq5,DTTVACAGTQAIIDT,IL-13 non-inducer,0.04
>seq5,DTTVADAGTQAIIDT,IL-13 non-inducer,0.02
>seq5,DTTVAEAGTQAIIDT,IL-13 non-inducer,0.04
>seq5,DTTVAFAGTQAIIDT,IL-13 non-inducer,0.04
>seq5,DTTVAGAGTQAIIDT,IL-13 non-inducer,0.02
>seq5,DTTVAHAGTQAIIDT,IL-13 non-inducer,0.05
>seq5,DTTVAIAGTQAIIDT,IL-13 inducer,0.07
>seq5,DTTVAKAGTQAIIDT,IL-13 non-inducer,0.05
>seq5,DTTVALAGTQAIIDT,IL-13 inducer,0.15
>seq5,DTTVAMAGTQAIIDT,IL-13 inducer,0.14
>seq5,DTTVANAGTQAIIDT,IL-13 non-inducer,0.02
>seq5,DTTVAPAGTQAIIDT,IL-13 non-inducer,0.02
>seq5,DTTVAQAGTQAIIDT,IL-13 non-inducer,0.05
>seq5,DTTVARAGTQAIIDT,IL-13 non-inducer,0.03
>seq5,DTTVASAGTQAIIDT,IL-13 non-inducer,0.05
>seq5,DTTVATAGTQAIIDT,IL-13 non-inducer,0.02
>seq5,DTTVAVAGTQAIIDT,IL-13 non-inducer,0.03
>seq5,DTTVAWAGTQAIIDT,IL-13 non-inducer,0.03
>seq5,DTTVAYAGTQAIIDT,IL-13 non-inducer,0.03
>seq5,DTTVAPAGTQAIIDT,IL-13 non-inducer,0.02
>seq5,DTTVAPCGTQAIIDT,IL-13 non-inducer,0.04
>seq5,DTTVAPDGTQAIIDT,IL-13 non-inducer,0.04
>seq5,DTTVAPEGTQAIIDT,IL-13 non-inducer,0.05
>seq5,DTTVAPFGTQAIIDT,IL-13 non-inducer,0.04
>seq5,DTTVAPGGTQAIIDT,IL-13 non-inducer,0.02
>seq5,DTTVAPHGTQAIIDT,IL-13 non-inducer,0.02
>seq5,DTTVAPIGTQAIIDT,IL-13 inducer,0.07
>seq5,DTTVAPKGTQAIIDT,IL-13 non-inducer,0.06
>seq5,DTTVAPLGTQAIIDT,IL-13 non-inducer,0.06
>seq5,DTTVAPMGTQAIIDT,IL-13 non-inducer,0.03
>seq5,DTTVAPNGTQAIIDT,IL-13 non-inducer,0.03
>seq5,DTTVAPPGTQAIIDT,IL-13 non-inducer,0.01
>seq5,DTTVAPQGTQAIIDT,IL-13 non-inducer,0.02
>seq5,DTTVAPRGTQAIIDT,IL-13 non-inducer,0.06
>seq5,DTTVAPSGTQAIIDT,IL-13 non-inducer,0.01
>seq5,DTTVAPTGTQAIIDT,IL-13 non-inducer,0.01
>seq5,DTTVAPVGTQAIIDT,IL-13 non-inducer,0.05
>seq5,DTTVAPWGTQAIIDT,IL-13 non-inducer,0.02
>seq5,DTTVAPYGTQAIIDT,IL-13 non-inducer,0.01
>seq5,DTTVAPAATQAIIDT,IL-13 non-inducer,0.02
>seq5,DTTVAPACTQAIIDT,IL-13 inducer,0.06
>seq5,DTTVAPADTQAIIDT,IL-13 inducer,0.07
>seq5,DTTVAPAETQAIIDT,IL-13 non-inducer,0.01
>seq5,DTTVAPAFTQAIIDT,IL-13 inducer,0.15
>seq5,DTTVAPAGTQAIIDT,IL-13 non-inducer,0.02
>seq5,DTTVAPAHTQAIIDT,IL-13 non-inducer,0.01
>seq5,DTTVAPAITQAIIDT,IL-13 non-inducer,0.02
>seq5,DTTVAPAKTQAIIDT,IL-13 non-inducer,0.05
>seq5,DTTVAPALTQAIIDT,IL-13 inducer,0.08
>seq5,DTTVAPAMTQAIIDT,IL-13 non-inducer,0.01
>seq5,DTTVAPANTQAIIDT,IL-13 non-inducer,0.01
>seq5,DTTVAPAPTQAIIDT,IL-13 non-inducer,0.01
>seq5,DTTVAPAQTQAIIDT,IL-13 non-inducer,0.01
>seq5,DTTVAPARTQAIIDT,IL-13 non-inducer,0.06
>seq5,DTTVAPASTQAIIDT,IL-13 non-inducer,0.01
>seq5,DTTVAPATTQAIIDT,IL-13 non-inducer,0.01
>seq5,DTTVAPAVTQAIIDT,IL-13 non-inducer,0.03
>seq5,DTTVAPAWTQAIIDT,IL-13 non-inducer,0.05
>seq5,DTTVAPAYTQAIIDT,IL-13 inducer,0.07
>seq5,DTTVAPAGAQAIIDT,IL-13 non-inducer,0.01
>seq5,DTTVAPAGCQAIIDT,IL-13 non-inducer,0.04
>seq5,DTTVAPAGDQAIIDT,IL-13 non-inducer,0.01
>seq5,DTTVAPAGEQAIIDT,IL-13 non-inducer,0.01
>seq5,DTTVAPAGFQAIIDT,IL-13 non-inducer,0.04
>seq5,DTTVAPAGGQAIIDT,IL-13 non-inducer,0.02
>seq5,DTTVAPAGHQAIIDT,IL-13 non-inducer,0.01
>seq5,DTTVAPAGIQAIIDT,IL-13 non-inducer,0.04
>seq5,DTTVAPAGKQAIIDT,IL-13 inducer,0.08
>seq5,DTTVAPAGLQAIIDT,IL-13 non-inducer,0.05
>seq5,DTTVAPAGMQAIIDT,IL-13 inducer,0.07
>seq5,DTTVAPAGNQAIIDT,IL-13 non-inducer,0.01
>seq5,DTTVAPAGPQAIIDT,IL-13 non-inducer,0.02
>seq5,DTTVAPAGQQAIIDT,IL-13 non-inducer,0.02
>seq5,DTTVAPAGRQAIIDT,IL-13 inducer,0.12
>seq5,DTTVAPAGSQAIIDT,IL-13 non-inducer,0.02
>seq5,DTTVAPAGTQAIIDT,IL-13 non-inducer,0.02
>seq5,DTTVAPAGVQAIIDT,IL-13 non-inducer,0.06
>seq5,DTTVAPAGWQAIIDT,IL-13 non-inducer,0.03
>seq5,DTTVAPAGYQAIIDT,IL-13 non-inducer,0.03
>seq5,DTTVAPAGTAAIIDT,IL-13 non-inducer,0.01
>seq5,DTTVAPAGTCAIIDT,IL-13 non-inducer,0.04
>seq5,DTTVAPAGTDAIIDT,IL-13 inducer,0.12
>seq5,DTTVAPAGTEAIIDT,IL-13 non-inducer,0.02
>seq5,DTTVAPAGTFAIIDT,IL-13 inducer,0.15
>seq5,DTTVAPAGTGAIIDT,IL-13 non-inducer,0.02
>seq5,DTTVAPAGTHAIIDT,IL-13 non-inducer,0.01
>seq5,DTTVAPAGTIAIIDT,IL-13 non-inducer,0.02
>seq5,DTTVAPAGTKAIIDT,IL-13 non-inducer,0.02
>seq5,DTTVAPAGTLAIIDT,IL-13 non-inducer,0.02
>seq5,DTTVAPAGTMAIIDT,IL-13 non-inducer,0.01
>seq5,DTTVAPAGTNAIIDT,IL-13 non-inducer,0.02
>seq5,DTTVAPAGTPAIIDT,IL-13 non-inducer,0.01
>seq5,DTTVAPAGTQAIIDT,IL-13 non-inducer,0.02
>seq5,DTTVAPAGTRAIIDT,IL-13 non-inducer,0.02
>seq5,DTTVAPAGTSAIIDT,IL-13 non-inducer,0.01
>seq5,DTTVAPAGTTAIIDT,IL-13 non-inducer,0.01
>seq5,DTTVAPAGTVAIIDT,IL-13 non-inducer,0.02
>seq5,DTTVAPAGTWAIIDT,IL-13 non-inducer,0.03
>seq5,DTTVAPAGTYAIIDT,IL-13 non-inducer,0.03
>seq5,DTTVAPAGTQAIIDT,IL-13 non-inducer,0.02
>seq5,DTTVAPAGTQCIIDT,IL-13 non-inducer,0.04
>seq5,DTTVAPAGTQDIIDT,IL-13 non-inducer,0.04
>seq5,DTTVAPAGTQEIIDT,IL-13 non-inducer,0.01
>seq5,DTTVAPAGTQFIIDT,IL-13 non-inducer,0.02
>seq5,DTTVAPAGTQGIIDT,IL-13 non-inducer,0.02
>seq5,DTTVAPAGTQHIIDT,IL-13 non-inducer,0.00
>seq5,DTTVAPAGTQIIIDT,IL-13 non-inducer,0.02
>seq5,DTTVAPAGTQKIIDT,IL-13 non-inducer,0.01
>seq5,DTTVAPAGTQLIIDT,IL-13 non-inducer,0.02
>seq5,DTTVAPAGTQMIIDT,IL-13 non-inducer,0.01
>seq5,DTTVAPAGTQNIIDT,IL-13 non-inducer,0.01
>seq5,DTTVAPAGTQPIIDT,IL-13 non-inducer,0.01
>seq5,DTTVAPAGTQQIIDT,IL-13 non-inducer,0.01
>seq5,DTTVAPAGTQRIIDT,IL-13 non-inducer,0.01
>seq5,DTTVAPAGTQSIIDT,IL-13 non-inducer,0.01
>seq5,DTTVAPAGTQTIIDT,IL-13 non-inducer,0.01
>seq5,DTTVAPAGTQVIIDT,IL-13 non-inducer,0.02
>seq5,DTTVAPAGTQWIIDT,IL-13 non-inducer,0.01
>seq5,DTTVAPAGTQYIIDT,IL-13 non-inducer,0.01
>seq5,DTTVAPAGTQAAIDT,IL-13 non-inducer,0.01
>seq5,DTTVAPAGTQACIDT,IL-13 non-inducer,0.03
>seq5,DTTVAPAGTQADIDT,IL-13 non-inducer,0.02
>seq5,DTTVAPAGTQAEIDT,IL-13 non-inducer,0.03
>seq5,DTTVAPAGTQAFIDT,IL-13 non-inducer,0.02
>seq5,DTTVAPAGTQAGIDT,IL-13 inducer,0.11
>seq5,DTTVAPAGTQAHIDT,IL-13 non-inducer,0.01
>seq5,DTTVAPAGTQAIIDT,IL-13 non-inducer,0.02
>seq5,DTTVAPAGTQAKIDT,IL-13 inducer,0.11
>seq5,DTTVAPAGTQALIDT,IL-13 non-inducer,0.03
>seq5,DTTVAPAGTQAMIDT,IL-13 non-inducer,0.01
>seq5,DTTVAPAGTQANIDT,IL-13 non-inducer,0.02
>seq5,DTTVAPAGTQAPIDT,IL-13 non-inducer,0.01
>seq5,DTTVAPAGTQAQIDT,IL-13 non-inducer,0.03
>seq5,DTTVAPAGTQARIDT,IL-13 inducer,0.09
>seq5,DTTVAPAGTQASIDT,IL-13 non-inducer,0.02
>seq5,DTTVAPAGTQATIDT,IL-13 non-inducer,0.01
>seq5,DTTVAPAGTQAVIDT,IL-13 non-inducer,0.03
>seq5,DTTVAPAGTQAWIDT,IL-13 inducer,0.06
>seq5,DTTVAPAGTQAYIDT,IL-13 non-inducer,0.01
>seq5,DTTVAPAGTQAIADT,IL-13 non-inducer,0.01
>seq5,DTTVAPAGTQAICDT,IL-13 non-inducer,0.02
>seq5,DTTVAPAGTQAIDDT,IL-13 non-inducer,0.01
>seq5,DTTVAPAGTQAIEDT,IL-13 non-inducer,0.01
>seq5,DTTVAPAGTQAIFDT,IL-13 non-inducer,0.02
>seq5,DTTVAPAGTQAIGDT,IL-13 non-inducer,0.02
>seq5,DTTVAPAGTQAIHDT,IL-13 non-inducer,0.00
>seq5,DTTVAPAGTQAIIDT,IL-13 non-inducer,0.02
>seq5,DTTVAPAGTQAIKDT,IL-13 non-inducer,0.01
>seq5,DTTVAPAGTQAILDT,IL-13 non-inducer,0.03
>seq5,DTTVAPAGTQAIMDT,IL-13 non-inducer,0.01
>seq5,DTTVAPAGTQAINDT,IL-13 non-inducer,0.01
>seq5,DTTVAPAGTQAIPDT,IL-13 non-inducer,0.01
>seq5,DTTVAPAGTQAIQDT,IL-13 non-inducer,0.01
>seq5,DTTVAPAGTQAIRDT,IL-13 non-inducer,0.01
>seq5,DTTVAPAGTQAISDT,IL-13 non-inducer,0.01
>seq5,DTTVAPAGTQAITDT,IL-13 non-inducer,0.01
>seq5,DTTVAPAGTQAIVDT,IL-13 non-inducer,0.03
>seq5,DTTVAPAGTQAIWDT,IL-13 non-inducer,0.01
>seq5,DTTVAPAGTQAIYDT,IL-13 non-inducer,0.01
>seq5,DTTVAPAGTQAIIAT,IL-13 non-inducer,0.01
>seq5,DTTVAPAGTQAIICT,IL-13 non-inducer,0.04
>seq5,DTTVAPAGTQAIIDT,IL-13 non-inducer,0.02
>seq5,DTTVAPAGTQAIIET,IL-13 non-inducer,0.02
>seq5,DTTVAPAGTQAIIFT,IL-13 non-inducer,0.03
>seq5,DTTVAPAGTQAIIGT,IL-13 non-inducer,0.01
>seq5,DTTVAPAGTQAIIHT,IL-13 non-inducer,0.01
>seq5,DTTVAPAGTQAIIIT,IL-13 non-inducer,0.01
>seq5,DTTVAPAGTQAIIKT,IL-13 non-inducer,0.01
>seq5,DTTVAPAGTQAIILT,IL-13 non-inducer,0.03
>seq5,DTTVAPAGTQAIIMT,IL-13 non-inducer,0.01
>seq5,DTTVAPAGTQAIINT,IL-13 non-inducer,0.02
>seq5,DTTVAPAGTQAIIPT,IL-13 non-inducer,0.01
>seq5,DTTVAPAGTQAIIQT,IL-13 non-inducer,0.02
>seq5,DTTVAPAGTQAIIRT,IL-13 non-inducer,0.01
>seq5,DTTVAPAGTQAIIST,IL-13 non-inducer,0.01
>seq5,DTTVAPAGTQAIITT,IL-13 non-inducer,0.01
>seq5,DTTVAPAGTQAIIVT,IL-13 non-inducer,0.01
>seq5,DTTVAPAGTQAIIWT,IL-13 non-inducer,0.01
>seq5,DTTVAPAGTQAIIYT,IL-13 non-inducer,0.01
>seq5,DTTVAPAGTQAIIDA,IL-13 non-inducer,0.01
>seq5,DTTVAPAGTQAIIDC,IL-13 inducer,0.09
>seq5,DTTVAPAGTQAIIDD,IL-13 non-inducer,0.01
>seq5,DTTVAPAGTQAIIDE,IL-13 non-inducer,0.01
>seq5,DTTVAPAGTQAIIDF,IL-13 non-inducer,0.04
>seq5,DTTVAPAGTQAIIDG,IL-13 non-inducer,0.02
>seq5,DTTVAPAGTQAIIDH,IL-13 non-inducer,0.01
>seq5,DTTVAPAGTQAIIDI,IL-13 inducer,0.06
>seq5,DTTVAPAGTQAIIDK,IL-13 non-inducer,0.02
>seq5,DTTVAPAGTQAIIDL,IL-13 inducer,0.09
>seq5,DTTVAPAGTQAIIDM,IL-13 non-inducer,0.06
>seq5,DTTVAPAGTQAIIDN,IL-13 non-inducer,0.01
>seq5,DTTVAPAGTQAIIDP,IL-13 non-inducer,0.02
>seq5,DTTVAPAGTQAIIDQ,IL-13 non-inducer,0.02
>seq5,DTTVAPAGTQAIIDR,IL-13 non-inducer,0.02
>seq5,DTTVAPAGTQAIIDS,IL-13 non-inducer,0.02
>seq5,DTTVAPAGTQAIIDT,IL-13 non-inducer,0.02
>seq5,DTTVAPAGTQAIIDV,IL-13 non-inducer,0.06
>seq5,DTTVAPAGTQAIIDW,IL-13 non-inducer,0.02
>seq5,DTTVAPAGTQAIIDY,IL-13 non-inducer,0.04
